detail_id,order_id,product_id,quantity_ordered,unit_price,line_total
DTL00001,ORD00001,PRD025,5,5.49,27.45
DTL00002,ORD00001,PRD027,2,3.49,6.98
DTL00003,ORD00001,PRD014,8,2.68,21.44
DTL00004,ORD00002,PRD021,1,4.29,4.29
DTL00005,ORD00002,PRD003,1,2.49,2.49
DTL00006,ORD00003,PRD005,2,4.99,9.98
DTL00007,ORD00003,PRD016,10,4.49,44.9
DTL00008,ORD00004,PRD006,2,7.49,14.98
DTL00009,ORD00004,PRD020,3,8.99,26.97
DTL00010,ORD00004,PRD024,5,3.29,16.45
DTL00011,ORD00005,PRD022,2,10.99,21.98
DTL00012,ORD00005,PRD030,10,22.99,229.9
DTL00013,ORD00005,PRD013,4,6.98,27.92
DTL00014,ORD00005,PRD023,2,8.49,16.98
DTL00015,ORD00005,PRD007,5,8.99,44.95
DTL00016,ORD00006,PRD018,6,4.19,25.14
DTL00017,ORD00006,PRD014,2,2.68,5.36
DTL00018,ORD00006,PRD022,9,10.99,98.91
DTL00019,ORD00007,PRD014,6,2.68,16.08
DTL00020,ORD00008,PRD021,9,4.29,38.61
DTL00021,ORD00008,PRD009,8,7.49,59.92
DTL00022,ORD00008,PRD020,8,8.99,71.92
DTL00023,ORD00008,PRD026,7,5.99,41.93
DTL00024,ORD00008,PRD030,10,22.99,229.9
DTL00025,ORD00009,PRD029,8,16.99,135.92
DTL00026,ORD00009,PRD015,10,5.98,59.8
DTL00027,ORD00009,PRD008,10,10.99,109.9
DTL00028,ORD00010,PRD016,6,4.49,26.94
DTL00029,ORD00010,PRD007,5,8.99,44.95
DTL00030,ORD00011,PRD001,7,2.99,20.93
DTL00031,ORD00011,PRD017,8,5.99,47.92
DTL00032,ORD00011,PRD007,9,8.99,80.91
DTL00033,ORD00011,PRD003,4,2.49,9.96
DTL00034,ORD00011,PRD008,8,10.99,87.92
DTL00035,ORD00012,PRD010,4,2.79,11.16
DTL00036,ORD00013,PRD016,6,4.49,26.94
DTL00037,ORD00013,PRD018,7,4.19,29.33
DTL00038,ORD00013,PRD017,9,5.99,53.91
DTL00039,ORD00014,PRD010,2,2.79,5.58
DTL00040,ORD00014,PRD009,4,7.49,29.96
DTL00041,ORD00014,PRD008,6,10.99,65.94
DTL00042,ORD00015,PRD007,8,8.99,71.92
DTL00043,ORD00015,PRD024,5,3.29,16.45
DTL00044,ORD00016,PRD012,5,3.49,17.45
DTL00045,ORD00016,PRD006,1,7.49,7.49
DTL00046,ORD00017,PRD010,8,2.79,22.32
DTL00047,ORD00017,PRD023,2,8.49,16.98
DTL00048,ORD00017,PRD005,1,4.99,4.99
DTL00049,ORD00017,PRD021,10,4.29,42.9
DTL00050,ORD00017,PRD028,5,5.99,29.95
DTL00051,ORD00018,PRD009,8,7.49,59.92
DTL00052,ORD00019,PRD021,10,4.29,42.9
DTL00053,ORD00019,PRD022,5,10.99,54.95
DTL00054,ORD00019,PRD002,2,3.49,6.98
DTL00055,ORD00019,PRD005,4,4.99,19.96
DTL00056,ORD00019,PRD026,2,5.99,11.98
DTL00057,ORD00020,PRD025,7,5.49,38.43
DTL00058,ORD00020,PRD017,8,5.99,47.92
DTL00059,ORD00021,PRD019,10,3.49,34.9
DTL00060,ORD00021,PRD020,2,8.99,17.98
DTL00061,ORD00021,PRD002,4,3.49,13.96
DTL00062,ORD00022,PRD008,9,10.99,98.91
DTL00063,ORD00022,PRD006,2,7.49,14.98
DTL00064,ORD00023,PRD010,5,2.79,13.95
DTL00065,ORD00023,PRD002,8,3.49,27.92
DTL00066,ORD00023,PRD008,2,10.99,21.98
DTL00067,ORD00023,PRD023,4,8.49,33.96
DTL00068,ORD00024,PRD004,3,4.29,12.87
DTL00069,ORD00024,PRD018,5,4.19,20.95
DTL00070,ORD00024,PRD008,3,10.99,32.97
DTL00071,ORD00024,PRD021,2,4.29,8.58
DTL00072,ORD00025,PRD024,8,3.29,26.32
DTL00073,ORD00025,PRD027,2,3.49,6.98
DTL00074,ORD00025,PRD019,8,3.49,27.92
DTL00075,ORD00025,PRD030,5,22.99,114.95
DTL00076,ORD00025,PRD010,7,2.79,19.53
DTL00077,ORD00026,PRD020,1,8.99,8.99
DTL00078,ORD00027,PRD008,10,10.99,109.9
DTL00079,ORD00028,PRD016,8,4.49,35.92
DTL00080,ORD00028,PRD017,5,5.99,29.95
DTL00081,ORD00029,PRD016,6,4.49,26.94
DTL00082,ORD00030,PRD011,8,3.99,31.92
DTL00083,ORD00030,PRD014,5,2.68,13.4
DTL00084,ORD00031,PRD009,7,7.49,52.43
DTL00085,ORD00031,PRD011,9,3.99,35.91
DTL00086,ORD00031,PRD004,1,4.29,4.29
DTL00087,ORD00032,PRD020,8,8.99,71.92
DTL00088,ORD00032,PRD025,1,5.49,5.49
DTL00089,ORD00032,PRD016,4,4.49,17.96
DTL00090,ORD00033,PRD029,1,16.99,16.99
DTL00091,ORD00033,PRD023,10,8.49,84.9
DTL00092,ORD00033,PRD016,4,4.49,17.96
DTL00093,ORD00033,PRD004,3,4.29,12.87
DTL00094,ORD00034,PRD008,2,10.99,21.98
DTL00095,ORD00035,PRD030,5,22.99,114.95
DTL00096,ORD00035,PRD023,7,8.49,59.43
DTL00097,ORD00035,PRD010,8,2.79,22.32
DTL00098,ORD00035,PRD017,8,5.99,47.92
DTL00099,ORD00036,PRD030,9,22.99,206.91
DTL00100,ORD00036,PRD020,3,8.99,26.97
DTL00101,ORD00037,PRD011,5,3.99,19.95
DTL00102,ORD00037,PRD030,1,22.99,22.99
DTL00103,ORD00037,PRD026,5,5.99,29.95
DTL00104,ORD00037,PRD017,5,5.99,29.95
DTL00105,ORD00038,PRD011,9,3.99,35.91
DTL00106,ORD00038,PRD018,7,4.19,29.33
DTL00107,ORD00038,PRD025,8,5.49,43.92
DTL00108,ORD00039,PRD019,4,3.49,13.96
DTL00109,ORD00039,PRD013,7,6.98,48.86
DTL00110,ORD00040,PRD013,3,6.98,20.94
DTL00111,ORD00040,PRD022,8,10.99,87.92
DTL00112,ORD00040,PRD026,1,5.99,5.99
DTL00113,ORD00040,PRD027,3,3.49,10.47
DTL00114,ORD00041,PRD017,8,5.99,47.92
DTL00115,ORD00042,PRD016,5,4.49,22.45
DTL00116,ORD00043,PRD028,6,5.99,35.94
DTL00117,ORD00044,PRD002,5,3.49,17.45
DTL00118,ORD00044,PRD020,4,8.99,35.96
DTL00119,ORD00044,PRD003,2,2.49,4.98
DTL00120,ORD00044,PRD008,7,10.99,76.93
DTL00121,ORD00044,PRD021,2,4.29,8.58
DTL00122,ORD00045,PRD002,6,3.49,20.94
DTL00123,ORD00046,PRD008,7,10.99,76.93
DTL00124,ORD00046,PRD017,10,5.99,59.9
DTL00125,ORD00047,PRD020,10,8.99,89.9
DTL00126,ORD00047,PRD022,3,10.99,32.97
DTL00127,ORD00047,PRD008,4,10.99,43.96
DTL00128,ORD00047,PRD016,8,4.49,35.92
DTL00129,ORD00048,PRD029,3,16.99,50.97
DTL00130,ORD00048,PRD010,2,2.79,5.58
DTL00131,ORD00048,PRD022,8,10.99,87.92
DTL00132,ORD00048,PRD018,6,4.19,25.14
DTL00133,ORD00049,PRD015,4,5.98,23.92
DTL00134,ORD00049,PRD028,7,5.99,41.93
DTL00135,ORD00049,PRD010,8,2.79,22.32
DTL00136,ORD00050,PRD010,7,2.79,19.53
DTL00137,ORD00050,PRD023,5,8.49,42.45
DTL00138,ORD00050,PRD001,1,2.99,2.99
DTL00139,ORD00050,PRD027,10,3.49,34.9
DTL00140,ORD00050,PRD022,1,10.99,10.99
DTL00141,ORD00051,PRD020,6,8.99,53.94
DTL00142,ORD00051,PRD026,4,5.99,23.96
DTL00143,ORD00052,PRD029,1,16.99,16.99
DTL00144,ORD00053,PRD003,5,2.49,12.45
DTL00145,ORD00053,PRD030,6,22.99,137.94
DTL00146,ORD00054,PRD017,3,5.99,17.97
DTL00147,ORD00054,PRD030,5,22.99,114.95
DTL00148,ORD00054,PRD009,8,7.49,59.92
DTL00149,ORD00055,PRD005,4,4.99,19.96
DTL00150,ORD00056,PRD009,9,7.49,67.41
DTL00151,ORD00057,PRD013,4,6.98,27.92
DTL00152,ORD00057,PRD027,8,3.49,27.92
DTL00153,ORD00057,PRD021,1,4.29,4.29
DTL00154,ORD00057,PRD012,10,3.49,34.9
DTL00155,ORD00057,PRD004,9,4.29,38.61
DTL00156,ORD00058,PRD030,7,22.99,160.93
DTL00157,ORD00058,PRD023,2,8.49,16.98
DTL00158,ORD00058,PRD010,3,2.79,8.37
DTL00159,ORD00058,PRD021,1,4.29,4.29
DTL00160,ORD00059,PRD004,4,4.29,17.16
DTL00161,ORD00060,PRD019,7,3.49,24.43
DTL00162,ORD00060,PRD024,2,3.29,6.58
DTL00163,ORD00060,PRD005,8,4.99,39.92
DTL00164,ORD00060,PRD029,10,16.99,169.9
DTL00165,ORD00061,PRD015,6,5.98,35.88
DTL00166,ORD00061,PRD008,2,10.99,21.98
DTL00167,ORD00062,PRD013,5,6.98,34.9
DTL00168,ORD00063,PRD003,10,2.49,24.9
DTL00169,ORD00063,PRD022,1,10.99,10.99
DTL00170,ORD00063,PRD007,1,8.99,8.99
DTL00171,ORD00063,PRD021,6,4.29,25.74
DTL00172,ORD00064,PRD003,9,2.49,22.41
DTL00173,ORD00064,PRD027,4,3.49,13.96
DTL00174,ORD00065,PRD001,5,2.99,14.95
DTL00175,ORD00065,PRD009,3,7.49,22.47
DTL00176,ORD00065,PRD028,2,5.99,11.98
DTL00177,ORD00065,PRD005,1,4.99,4.99
DTL00178,ORD00065,PRD018,3,4.19,12.57
DTL00179,ORD00066,PRD019,1,3.49,3.49
DTL00180,ORD00066,PRD011,3,3.99,11.97
DTL00181,ORD00067,PRD004,6,4.29,25.74
DTL00182,ORD00067,PRD024,9,3.29,29.61
DTL00183,ORD00067,PRD003,10,2.49,24.9
DTL00184,ORD00067,PRD016,2,4.49,8.98
DTL00185,ORD00067,PRD015,8,5.98,47.84
DTL00186,ORD00068,PRD015,1,5.98,5.98
DTL00187,ORD00068,PRD021,8,4.29,34.32
DTL00188,ORD00068,PRD001,7,2.99,20.93
DTL00189,ORD00069,PRD029,2,16.99,33.98
DTL00190,ORD00070,PRD020,9,8.99,80.91
DTL00191,ORD00070,PRD021,6,4.29,25.74
DTL00192,ORD00070,PRD019,7,3.49,24.43
DTL00193,ORD00071,PRD026,2,5.99,11.98
DTL00194,ORD00072,PRD011,7,3.99,27.93
DTL00195,ORD00072,PRD027,2,3.49,6.98
DTL00196,ORD00072,PRD015,6,5.98,35.88
DTL00197,ORD00072,PRD013,7,6.98,48.86
DTL00198,ORD00073,PRD003,6,2.49,14.94
DTL00199,ORD00073,PRD027,3,3.49,10.47
DTL00200,ORD00073,PRD014,9,2.68,24.12
DTL00201,ORD00073,PRD004,1,4.29,4.29
DTL00202,ORD00074,PRD028,5,5.99,29.95
DTL00203,ORD00074,PRD030,10,22.99,229.9
DTL00204,ORD00074,PRD024,5,3.29,16.45
DTL00205,ORD00074,PRD002,6,3.49,20.94
DTL00206,ORD00075,PRD008,9,10.99,98.91
DTL00207,ORD00075,PRD028,6,5.99,35.94
DTL00208,ORD00075,PRD004,2,4.29,8.58
DTL00209,ORD00075,PRD012,5,3.49,17.45
DTL00210,ORD00076,PRD020,5,8.99,44.95
DTL00211,ORD00077,PRD012,3,3.49,10.47
DTL00212,ORD00077,PRD001,10,2.99,29.9
DTL00213,ORD00077,PRD006,7,7.49,52.43
DTL00214,ORD00078,PRD003,9,2.49,22.41
DTL00215,ORD00079,PRD012,6,3.49,20.94
DTL00216,ORD00079,PRD010,10,2.79,27.9
DTL00217,ORD00080,PRD022,2,10.99,21.98
DTL00218,ORD00081,PRD020,4,8.99,35.96
DTL00219,ORD00081,PRD015,9,5.98,53.82
DTL00220,ORD00081,PRD014,2,2.68,5.36
DTL00221,ORD00081,PRD009,6,7.49,44.94
DTL00222,ORD00082,PRD017,4,5.99,23.96
DTL00223,ORD00082,PRD022,7,10.99,76.93
DTL00224,ORD00082,PRD010,10,2.79,27.9
DTL00225,ORD00082,PRD002,1,3.49,3.49
DTL00226,ORD00083,PRD025,5,5.49,27.45
DTL00227,ORD00083,PRD009,6,7.49,44.94
DTL00228,ORD00084,PRD005,9,4.99,44.91
DTL00229,ORD00084,PRD013,4,6.98,27.92
DTL00230,ORD00085,PRD001,6,2.99,17.94
DTL00231,ORD00085,PRD015,10,5.98,59.8
DTL00232,ORD00085,PRD030,7,22.99,160.93
DTL00233,ORD00085,PRD003,10,2.49,24.9
DTL00234,ORD00086,PRD013,1,6.98,6.98
DTL00235,ORD00087,PRD003,2,2.49,4.98
DTL00236,ORD00087,PRD014,4,2.68,10.72
DTL00237,ORD00087,PRD028,7,5.99,41.93
DTL00238,ORD00088,PRD008,3,10.99,32.97
DTL00239,ORD00088,PRD011,2,3.99,7.98
DTL00240,ORD00088,PRD025,9,5.49,49.41
DTL00241,ORD00089,PRD024,3,3.29,9.87
DTL00242,ORD00089,PRD027,4,3.49,13.96
DTL00243,ORD00089,PRD021,2,4.29,8.58
DTL00244,ORD00090,PRD025,2,5.49,10.98
DTL00245,ORD00090,PRD021,3,4.29,12.87
DTL00246,ORD00091,PRD015,10,5.98,59.8
DTL00247,ORD00091,PRD022,6,10.99,65.94
DTL00248,ORD00091,PRD030,6,22.99,137.94
DTL00249,ORD00091,PRD029,3,16.99,50.97
DTL00250,ORD00091,PRD019,8,3.49,27.92
DTL00251,ORD00092,PRD019,9,3.49,31.41
DTL00252,ORD00092,PRD002,2,3.49,6.98
DTL00253,ORD00092,PRD012,5,3.49,17.45
DTL00254,ORD00093,PRD003,2,2.49,4.98
DTL00255,ORD00093,PRD021,10,4.29,42.9
DTL00256,ORD00093,PRD028,10,5.99,59.9
DTL00257,ORD00094,PRD030,4,22.99,91.96
DTL00258,ORD00094,PRD026,6,5.99,35.94
DTL00259,ORD00094,PRD019,10,3.49,34.9
DTL00260,ORD00094,PRD021,8,4.29,34.32
DTL00261,ORD00095,PRD017,3,5.99,17.97
DTL00262,ORD00096,PRD017,6,5.99,35.94
DTL00263,ORD00096,PRD020,5,8.99,44.95
DTL00264,ORD00096,PRD006,7,7.49,52.43
DTL00265,ORD00096,PRD012,7,3.49,24.43
DTL00266,ORD00097,PRD011,2,3.99,7.98
DTL00267,ORD00098,PRD011,10,3.99,39.9
DTL00268,ORD00098,PRD003,3,2.49,7.47
DTL00269,ORD00099,PRD005,5,4.99,24.95
DTL00270,ORD00099,PRD020,9,8.99,80.91
DTL00271,ORD00099,PRD023,7,8.49,59.43
DTL00272,ORD00099,PRD003,6,2.49,14.94
DTL00273,ORD00100,PRD003,6,2.49,14.94
DTL00274,ORD00100,PRD021,1,4.29,4.29
DTL00275,ORD00100,PRD022,6,10.99,65.94
DTL00276,ORD00100,PRD014,5,2.68,13.4
DTL00277,ORD00100,PRD017,3,5.99,17.97
DTL00278,ORD00101,PRD007,5,8.99,44.95
DTL00279,ORD00101,PRD008,2,10.99,21.98
DTL00280,ORD00101,PRD005,9,4.99,44.91
DTL00281,ORD00101,PRD003,9,2.49,22.41
DTL00282,ORD00102,PRD020,3,8.99,26.97
DTL00283,ORD00102,PRD013,3,6.98,20.94
DTL00284,ORD00103,PRD024,1,3.29,3.29
DTL00285,ORD00103,PRD015,7,5.98,41.86
DTL00286,ORD00104,PRD020,8,8.99,71.92
DTL00287,ORD00104,PRD010,4,2.79,11.16
DTL00288,ORD00104,PRD025,9,5.49,49.41
DTL00289,ORD00104,PRD024,4,3.29,13.16
DTL00290,ORD00105,PRD022,8,10.99,87.92
DTL00291,ORD00105,PRD019,5,3.49,17.45
DTL00292,ORD00105,PRD015,7,5.98,41.86
DTL00293,ORD00106,PRD002,6,3.49,20.94
DTL00294,ORD00106,PRD021,9,4.29,38.61
DTL00295,ORD00106,PRD016,2,4.49,8.98
DTL00296,ORD00107,PRD015,3,5.98,17.94
DTL00297,ORD00107,PRD029,7,16.99,118.93
DTL00298,ORD00107,PRD017,2,5.99,11.98
DTL00299,ORD00108,PRD002,4,3.49,13.96
DTL00300,ORD00108,PRD013,7,6.98,48.86
DTL00301,ORD00108,PRD017,2,5.99,11.98
DTL00302,ORD00108,PRD012,6,3.49,20.94
DTL00303,ORD00109,PRD026,5,5.99,29.95
DTL00304,ORD00109,PRD005,8,4.99,39.92
DTL00305,ORD00109,PRD002,3,3.49,10.47
DTL00306,ORD00110,PRD009,4,7.49,29.96
DTL00307,ORD00111,PRD017,4,5.99,23.96
DTL00308,ORD00111,PRD014,5,2.68,13.4
DTL00309,ORD00111,PRD004,2,4.29,8.58
DTL00310,ORD00111,PRD025,1,5.49,5.49
DTL00311,ORD00111,PRD010,4,2.79,11.16
DTL00312,ORD00112,PRD003,8,2.49,19.92
DTL00313,ORD00112,PRD004,10,4.29,42.9
DTL00314,ORD00112,PRD027,9,3.49,31.41
DTL00315,ORD00112,PRD029,1,16.99,16.99
DTL00316,ORD00113,PRD012,2,3.49,6.98
DTL00317,ORD00113,PRD008,9,10.99,98.91
DTL00318,ORD00113,PRD019,6,3.49,20.94
DTL00319,ORD00113,PRD014,2,2.68,5.36
DTL00320,ORD00113,PRD006,9,7.49,67.41
DTL00321,ORD00114,PRD012,6,3.49,20.94
DTL00322,ORD00114,PRD009,2,7.49,14.98
DTL00323,ORD00114,PRD024,6,3.29,19.74
DTL00324,ORD00114,PRD001,4,2.99,11.96
DTL00325,ORD00115,PRD005,9,4.99,44.91
DTL00326,ORD00115,PRD002,6,3.49,20.94
DTL00327,ORD00115,PRD012,3,3.49,10.47
DTL00328,ORD00116,PRD003,8,2.49,19.92
DTL00329,ORD00116,PRD023,1,8.49,8.49
DTL00330,ORD00117,PRD011,5,3.99,19.95
DTL00331,ORD00118,PRD010,1,2.79,2.79
DTL00332,ORD00118,PRD012,6,3.49,20.94
DTL00333,ORD00119,PRD029,7,16.99,118.93
DTL00334,ORD00119,PRD013,6,6.98,41.88
DTL00335,ORD00119,PRD024,3,3.29,9.87
DTL00336,ORD00119,PRD015,8,5.98,47.84
DTL00337,ORD00120,PRD009,2,7.49,14.98
DTL00338,ORD00120,PRD026,7,5.99,41.93
DTL00339,ORD00120,PRD003,10,2.49,24.9
DTL00340,ORD00120,PRD024,3,3.29,9.87
DTL00341,ORD00120,PRD014,9,2.68,24.12
DTL00342,ORD00121,PRD010,7,2.79,19.53
DTL00343,ORD00121,PRD015,3,5.98,17.94
DTL00344,ORD00121,PRD020,8,8.99,71.92
DTL00345,ORD00122,PRD014,2,2.68,5.36
DTL00346,ORD00122,PRD009,7,7.49,52.43
DTL00347,ORD00122,PRD021,6,4.29,25.74
DTL00348,ORD00122,PRD026,9,5.99,53.91
DTL00349,ORD00122,PRD002,3,3.49,10.47
DTL00350,ORD00123,PRD005,2,4.99,9.98
DTL00351,ORD00124,PRD002,6,3.49,20.94
DTL00352,ORD00124,PRD020,6,8.99,53.94
DTL00353,ORD00124,PRD005,8,4.99,39.92
DTL00354,ORD00124,PRD022,2,10.99,21.98
DTL00355,ORD00124,PRD015,10,5.98,59.8
DTL00356,ORD00125,PRD008,3,10.99,32.97
DTL00357,ORD00125,PRD004,8,4.29,34.32
DTL00358,ORD00125,PRD001,9,2.99,26.91
DTL00359,ORD00126,PRD007,8,8.99,71.92
DTL00360,ORD00126,PRD020,4,8.99,35.96
DTL00361,ORD00126,PRD010,2,2.79,5.58
DTL00362,ORD00126,PRD023,3,8.49,25.47
DTL00363,ORD00127,PRD026,6,5.99,35.94
DTL00364,ORD00128,PRD029,3,16.99,50.97
DTL00365,ORD00128,PRD010,3,2.79,8.37
DTL00366,ORD00128,PRD028,6,5.99,35.94
DTL00367,ORD00129,PRD008,8,10.99,87.92
DTL00368,ORD00129,PRD026,1,5.99,5.99
DTL00369,ORD00130,PRD005,7,4.99,34.93
DTL00370,ORD00130,PRD020,8,8.99,71.92
DTL00371,ORD00130,PRD029,9,16.99,152.91
DTL00372,ORD00130,PRD003,7,2.49,17.43
DTL00373,ORD00130,PRD010,7,2.79,19.53
DTL00374,ORD00131,PRD015,8,5.98,47.84
DTL00375,ORD00132,PRD006,1,7.49,7.49
DTL00376,ORD00132,PRD025,2,5.49,10.98
DTL00377,ORD00132,PRD005,9,4.99,44.91
DTL00378,ORD00132,PRD014,3,2.68,8.04
DTL00379,ORD00132,PRD017,5,5.99,29.95
DTL00380,ORD00133,PRD017,2,5.99,11.98
DTL00381,ORD00133,PRD029,5,16.99,84.95
DTL00382,ORD00133,PRD010,4,2.79,11.16
DTL00383,ORD00134,PRD003,10,2.49,24.9
DTL00384,ORD00134,PRD017,3,5.99,17.97
DTL00385,ORD00134,PRD021,3,4.29,12.87
DTL00386,ORD00134,PRD006,10,7.49,74.9
DTL00387,ORD00134,PRD019,10,3.49,34.9
DTL00388,ORD00135,PRD002,10,3.49,34.9
DTL00389,ORD00136,PRD020,9,8.99,80.91
DTL00390,ORD00136,PRD021,5,4.29,21.45
DTL00391,ORD00136,PRD001,5,2.99,14.95
DTL00392,ORD00136,PRD016,8,4.49,35.92
DTL00393,ORD00137,PRD023,1,8.49,8.49
DTL00394,ORD00138,PRD011,3,3.99,11.97
DTL00395,ORD00138,PRD020,6,8.99,53.94
DTL00396,ORD00139,PRD025,9,5.49,49.41
DTL00397,ORD00139,PRD012,9,3.49,31.41
DTL00398,ORD00140,PRD015,2,5.98,11.96
DTL00399,ORD00140,PRD008,1,10.99,10.99
DTL00400,ORD00140,PRD005,5,4.99,24.95
DTL00401,ORD00141,PRD030,6,22.99,137.94
DTL00402,ORD00141,PRD019,4,3.49,13.96
DTL00403,ORD00141,PRD024,3,3.29,9.87
DTL00404,ORD00142,PRD001,8,2.99,23.92
DTL00405,ORD00142,PRD003,4,2.49,9.96
DTL00406,ORD00142,PRD013,4,6.98,27.92
DTL00407,ORD00142,PRD017,10,5.99,59.9
DTL00408,ORD00143,PRD029,5,16.99,84.95
DTL00409,ORD00143,PRD027,9,3.49,31.41
DTL00410,ORD00143,PRD021,1,4.29,4.29
DTL00411,ORD00143,PRD022,2,10.99,21.98
DTL00412,ORD00143,PRD016,7,4.49,31.43
DTL00413,ORD00144,PRD012,9,3.49,31.41
DTL00414,ORD00144,PRD002,4,3.49,13.96
DTL00415,ORD00144,PRD013,6,6.98,41.88
DTL00416,ORD00144,PRD019,9,3.49,31.41
DTL00417,ORD00145,PRD009,3,7.49,22.47
DTL00418,ORD00145,PRD027,2,3.49,6.98
DTL00419,ORD00145,PRD020,7,8.99,62.93
DTL00420,ORD00145,PRD022,6,10.99,65.94
DTL00421,ORD00145,PRD004,6,4.29,25.74
DTL00422,ORD00146,PRD017,6,5.99,35.94
DTL00423,ORD00146,PRD002,8,3.49,27.92
DTL00424,ORD00146,PRD005,9,4.99,44.91
DTL00425,ORD00146,PRD023,8,8.49,67.92
DTL00426,ORD00147,PRD030,3,22.99,68.97
DTL00427,ORD00147,PRD020,7,8.99,62.93
DTL00428,ORD00147,PRD011,10,3.99,39.9
DTL00429,ORD00148,PRD016,1,4.49,4.49
DTL00430,ORD00148,PRD023,6,8.49,50.94
DTL00431,ORD00148,PRD019,6,3.49,20.94
DTL00432,ORD00148,PRD010,2,2.79,5.58
DTL00433,ORD00148,PRD027,7,3.49,24.43
DTL00434,ORD00149,PRD009,10,7.49,74.9
DTL00435,ORD00149,PRD021,10,4.29,42.9
DTL00436,ORD00149,PRD026,4,5.99,23.96
DTL00437,ORD00149,PRD025,1,5.49,5.49
DTL00438,ORD00150,PRD005,1,4.99,4.99
DTL00439,ORD00150,PRD027,10,3.49,34.9
DTL00440,ORD00150,PRD022,2,10.99,21.98
DTL00441,ORD00150,PRD008,4,10.99,43.96
DTL00442,ORD00151,PRD023,10,8.49,84.9
DTL00443,ORD00151,PRD007,8,8.99,71.92
DTL00444,ORD00151,PRD014,1,2.68,2.68
DTL00445,ORD00151,PRD017,3,5.99,17.97
DTL00446,ORD00152,PRD013,9,6.98,62.82
DTL00447,ORD00152,PRD011,6,3.99,23.94
DTL00448,ORD00152,PRD006,9,7.49,67.41
DTL00449,ORD00152,PRD015,6,5.98,35.88
DTL00450,ORD00152,PRD030,5,22.99,114.95
DTL00451,ORD00153,PRD018,5,4.19,20.95
DTL00452,ORD00153,PRD010,5,2.79,13.95
DTL00453,ORD00153,PRD008,4,10.99,43.96
DTL00454,ORD00154,PRD010,9,2.79,25.11
DTL00455,ORD00154,PRD004,7,4.29,30.03
DTL00456,ORD00154,PRD019,7,3.49,24.43
DTL00457,ORD00155,PRD012,8,3.49,27.92
DTL00458,ORD00156,PRD030,5,22.99,114.95
DTL00459,ORD00156,PRD018,3,4.19,12.57
DTL00460,ORD00156,PRD023,2,8.49,16.98
DTL00461,ORD00157,PRD021,1,4.29,4.29
DTL00462,ORD00157,PRD008,2,10.99,21.98
DTL00463,ORD00158,PRD022,3,10.99,32.97
DTL00464,ORD00159,PRD014,8,2.68,21.44
DTL00465,ORD00159,PRD021,8,4.29,34.32
DTL00466,ORD00160,PRD021,10,4.29,42.9
DTL00467,ORD00161,PRD030,3,22.99,68.97
DTL00468,ORD00162,PRD027,7,3.49,24.43
DTL00469,ORD00163,PRD029,5,16.99,84.95
DTL00470,ORD00163,PRD002,10,3.49,34.9
DTL00471,ORD00163,PRD001,10,2.99,29.9
DTL00472,ORD00164,PRD016,8,4.49,35.92
DTL00473,ORD00164,PRD029,5,16.99,84.95
DTL00474,ORD00164,PRD005,4,4.99,19.96
DTL00475,ORD00164,PRD028,2,5.99,11.98
DTL00476,ORD00164,PRD017,6,5.99,35.94
DTL00477,ORD00165,PRD024,6,3.29,19.74
DTL00478,ORD00166,PRD006,7,7.49,52.43
DTL00479,ORD00166,PRD020,7,8.99,62.93
DTL00480,ORD00167,PRD005,6,4.99,29.94
DTL00481,ORD00167,PRD016,4,4.49,17.96
DTL00482,ORD00168,PRD011,10,3.99,39.9
DTL00483,ORD00168,PRD010,1,2.79,2.79
DTL00484,ORD00168,PRD019,5,3.49,17.45
DTL00485,ORD00169,PRD010,9,2.79,25.11
DTL00486,ORD00169,PRD006,5,7.49,37.45
DTL00487,ORD00169,PRD013,2,6.98,13.96
DTL00488,ORD00169,PRD022,5,10.99,54.95
DTL00489,ORD00170,PRD005,6,4.99,29.94
DTL00490,ORD00170,PRD015,7,5.98,41.86
DTL00491,ORD00170,PRD024,9,3.29,29.61
DTL00492,ORD00170,PRD020,8,8.99,71.92
DTL00493,ORD00171,PRD028,9,5.99,53.91
DTL00494,ORD00171,PRD026,6,5.99,35.94
DTL00495,ORD00171,PRD003,2,2.49,4.98
DTL00496,ORD00171,PRD017,10,5.99,59.9
DTL00497,ORD00171,PRD015,2,5.98,11.96
DTL00498,ORD00172,PRD018,9,4.19,37.71
DTL00499,ORD00172,PRD005,8,4.99,39.92
DTL00500,ORD00172,PRD006,2,7.49,14.98
DTL00501,ORD00172,PRD011,4,3.99,15.96
DTL00502,ORD00172,PRD028,10,5.99,59.9
DTL00503,ORD00173,PRD015,3,5.98,17.94
DTL00504,ORD00174,PRD022,1,10.99,10.99
DTL00505,ORD00174,PRD026,7,5.99,41.93
DTL00506,ORD00174,PRD010,5,2.79,13.95
DTL00507,ORD00174,PRD024,1,3.29,3.29
DTL00508,ORD00175,PRD023,1,8.49,8.49
DTL00509,ORD00175,PRD003,2,2.49,4.98
DTL00510,ORD00175,PRD018,8,4.19,33.52
DTL00511,ORD00176,PRD012,7,3.49,24.43
DTL00512,ORD00176,PRD029,7,16.99,118.93
DTL00513,ORD00176,PRD013,2,6.98,13.96
DTL00514,ORD00176,PRD015,9,5.98,53.82
DTL00515,ORD00177,PRD018,9,4.19,37.71
DTL00516,ORD00177,PRD013,3,6.98,20.94
DTL00517,ORD00178,PRD015,9,5.98,53.82
DTL00518,ORD00178,PRD022,7,10.99,76.93
DTL00519,ORD00178,PRD024,9,3.29,29.61
DTL00520,ORD00179,PRD009,2,7.49,14.98
DTL00521,ORD00179,PRD007,1,8.99,8.99
DTL00522,ORD00180,PRD008,4,10.99,43.96
DTL00523,ORD00181,PRD022,1,10.99,10.99
DTL00524,ORD00181,PRD023,7,8.49,59.43
DTL00525,ORD00181,PRD028,8,5.99,47.92
DTL00526,ORD00181,PRD002,4,3.49,13.96
DTL00527,ORD00181,PRD008,9,10.99,98.91
DTL00528,ORD00182,PRD027,10,3.49,34.9
DTL00529,ORD00182,PRD030,6,22.99,137.94
DTL00530,ORD00183,PRD008,9,10.99,98.91
DTL00531,ORD00183,PRD014,10,2.68,26.8
DTL00532,ORD00183,PRD010,3,2.79,8.37
DTL00533,ORD00183,PRD009,7,7.49,52.43
DTL00534,ORD00183,PRD002,9,3.49,31.41
DTL00535,ORD00184,PRD026,7,5.99,41.93
DTL00536,ORD00184,PRD017,7,5.99,41.93
DTL00537,ORD00184,PRD011,3,3.99,11.97
DTL00538,ORD00184,PRD023,5,8.49,42.45
DTL00539,ORD00185,PRD008,3,10.99,32.97
DTL00540,ORD00185,PRD028,8,5.99,47.92
DTL00541,ORD00185,PRD010,1,2.79,2.79
DTL00542,ORD00185,PRD023,9,8.49,76.41
DTL00543,ORD00186,PRD008,2,10.99,21.98
DTL00544,ORD00186,PRD009,8,7.49,59.92
DTL00545,ORD00186,PRD007,6,8.99,53.94
DTL00546,ORD00186,PRD011,2,3.99,7.98
DTL00547,ORD00187,PRD002,10,3.49,34.9
DTL00548,ORD00187,PRD028,9,5.99,53.91
DTL00549,ORD00187,PRD003,4,2.49,9.96
DTL00550,ORD00187,PRD007,8,8.99,71.92
DTL00551,ORD00187,PRD026,4,5.99,23.96
DTL00552,ORD00188,PRD007,4,8.99,35.96
DTL00553,ORD00189,PRD030,5,22.99,114.95
DTL00554,ORD00189,PRD008,7,10.99,76.93
DTL00555,ORD00189,PRD018,8,4.19,33.52
DTL00556,ORD00189,PRD011,9,3.99,35.91
DTL00557,ORD00190,PRD015,8,5.98,47.84
DTL00558,ORD00190,PRD004,6,4.29,25.74
DTL00559,ORD00190,PRD026,4,5.99,23.96
DTL00560,ORD00190,PRD024,6,3.29,19.74
DTL00561,ORD00191,PRD001,9,2.99,26.91
DTL00562,ORD00191,PRD009,10,7.49,74.9
DTL00563,ORD00192,PRD013,4,6.98,27.92
DTL00564,ORD00192,PRD019,8,3.49,27.92
DTL00565,ORD00193,PRD024,3,3.29,9.87
DTL00566,ORD00193,PRD021,6,4.29,25.74
DTL00567,ORD00193,PRD016,3,4.49,13.47
DTL00568,ORD00193,PRD015,3,5.98,17.94
DTL00569,ORD00194,PRD017,1,5.99,5.99
DTL00570,ORD00195,PRD005,2,4.99,9.98
DTL00571,ORD00195,PRD027,3,3.49,10.47
DTL00572,ORD00195,PRD021,1,4.29,4.29
DTL00573,ORD00195,PRD008,4,10.99,43.96
DTL00574,ORD00196,PRD022,9,10.99,98.91
DTL00575,ORD00196,PRD016,7,4.49,31.43
DTL00576,ORD00196,PRD001,1,2.99,2.99
DTL00577,ORD00196,PRD018,1,4.19,4.19
DTL00578,ORD00197,PRD017,7,5.99,41.93
DTL00579,ORD00198,PRD008,10,10.99,109.9
DTL00580,ORD00198,PRD007,9,8.99,80.91
DTL00581,ORD00199,PRD012,7,3.49,24.43
DTL00582,ORD00200,PRD022,2,10.99,21.98
DTL00583,ORD00200,PRD027,1,3.49,3.49
DTL00584,ORD00200,PRD028,2,5.99,11.98
DTL00585,ORD00201,PRD021,1,4.29,4.29
DTL00586,ORD00202,PRD019,9,3.49,31.41
DTL00587,ORD00202,PRD028,1,5.99,5.99
DTL00588,ORD00202,PRD004,4,4.29,17.16
DTL00589,ORD00203,PRD002,5,3.49,17.45
DTL00590,ORD00203,PRD030,9,22.99,206.91
DTL00591,ORD00203,PRD003,10,2.49,24.9
DTL00592,ORD00204,PRD001,3,2.99,8.97
DTL00593,ORD00204,PRD007,7,8.99,62.93
DTL00594,ORD00204,PRD019,2,3.49,6.98
DTL00595,ORD00205,PRD022,7,10.99,76.93
DTL00596,ORD00205,PRD029,3,16.99,50.97
DTL00597,ORD00205,PRD018,2,4.19,8.38
DTL00598,ORD00205,PRD011,9,3.99,35.91
DTL00599,ORD00206,PRD011,10,3.99,39.9
DTL00600,ORD00207,PRD016,7,4.49,31.43
DTL00601,ORD00207,PRD008,7,10.99,76.93
DTL00602,ORD00207,PRD012,3,3.49,10.47
DTL00603,ORD00207,PRD018,10,4.19,41.9
DTL00604,ORD00208,PRD026,2,5.99,11.98
DTL00605,ORD00208,PRD008,2,10.99,21.98
DTL00606,ORD00208,PRD023,5,8.49,42.45
DTL00607,ORD00209,PRD024,6,3.29,19.74
DTL00608,ORD00209,PRD013,6,6.98,41.88
DTL00609,ORD00210,PRD012,3,3.49,10.47
DTL00610,ORD00210,PRD025,2,5.49,10.98
DTL00611,ORD00210,PRD009,3,7.49,22.47
DTL00612,ORD00210,PRD004,7,4.29,30.03
DTL00613,ORD00211,PRD001,2,2.99,5.98
DTL00614,ORD00212,PRD028,5,5.99,29.95
DTL00615,ORD00212,PRD013,7,6.98,48.86
DTL00616,ORD00212,PRD001,7,2.99,20.93
DTL00617,ORD00213,PRD017,5,5.99,29.95
DTL00618,ORD00213,PRD006,5,7.49,37.45
DTL00619,ORD00213,PRD022,5,10.99,54.95
DTL00620,ORD00213,PRD013,8,6.98,55.84
DTL00621,ORD00213,PRD005,3,4.99,14.97
DTL00622,ORD00214,PRD016,6,4.49,26.94
DTL00623,ORD00214,PRD026,5,5.99,29.95
DTL00624,ORD00214,PRD003,4,2.49,9.96
DTL00625,ORD00215,PRD005,5,4.99,24.95
DTL00626,ORD00216,PRD026,6,5.99,35.94
DTL00627,ORD00216,PRD028,7,5.99,41.93
DTL00628,ORD00216,PRD011,10,3.99,39.9
DTL00629,ORD00216,PRD015,3,5.98,17.94
DTL00630,ORD00217,PRD011,8,3.99,31.92
DTL00631,ORD00217,PRD006,10,7.49,74.9
DTL00632,ORD00217,PRD013,4,6.98,27.92
DTL00633,ORD00217,PRD010,6,2.79,16.74
DTL00634,ORD00218,PRD004,4,4.29,17.16
DTL00635,ORD00218,PRD030,10,22.99,229.9
DTL00636,ORD00218,PRD019,9,3.49,31.41
DTL00637,ORD00219,PRD024,8,3.29,26.32
DTL00638,ORD00220,PRD027,7,3.49,24.43
DTL00639,ORD00221,PRD022,7,10.99,76.93
DTL00640,ORD00221,PRD005,7,4.99,34.93
DTL00641,ORD00221,PRD023,2,8.49,16.98
DTL00642,ORD00222,PRD017,9,5.99,53.91
DTL00643,ORD00222,PRD030,1,22.99,22.99
DTL00644,ORD00222,PRD028,6,5.99,35.94
DTL00645,ORD00222,PRD023,9,8.49,76.41
DTL00646,ORD00222,PRD014,10,2.68,26.8
DTL00647,ORD00223,PRD006,1,7.49,7.49
DTL00648,ORD00223,PRD021,10,4.29,42.9
DTL00649,ORD00223,PRD020,7,8.99,62.93
DTL00650,ORD00224,PRD008,9,10.99,98.91
DTL00651,ORD00224,PRD017,9,5.99,53.91
DTL00652,ORD00224,PRD024,10,3.29,32.9
DTL00653,ORD00225,PRD023,8,8.49,67.92
DTL00654,ORD00225,PRD017,2,5.99,11.98
DTL00655,ORD00225,PRD005,5,4.99,24.95
DTL00656,ORD00225,PRD012,7,3.49,24.43
DTL00657,ORD00225,PRD001,2,2.99,5.98
DTL00658,ORD00226,PRD026,6,5.99,35.94
DTL00659,ORD00226,PRD007,8,8.99,71.92
DTL00660,ORD00226,PRD017,2,5.99,11.98
DTL00661,ORD00226,PRD016,8,4.49,35.92
DTL00662,ORD00227,PRD001,6,2.99,17.94
DTL00663,ORD00228,PRD006,4,7.49,29.96
DTL00664,ORD00228,PRD018,7,4.19,29.33
DTL00665,ORD00228,PRD011,3,3.99,11.97
DTL00666,ORD00228,PRD014,3,2.68,8.04
DTL00667,ORD00228,PRD015,7,5.98,41.86
DTL00668,ORD00229,PRD015,7,5.98,41.86
DTL00669,ORD00229,PRD019,7,3.49,24.43
DTL00670,ORD00230,PRD019,2,3.49,6.98
DTL00671,ORD00231,PRD009,8,7.49,59.92
DTL00672,ORD00232,PRD004,3,4.29,12.87
DTL00673,ORD00232,PRD012,5,3.49,17.45
DTL00674,ORD00232,PRD028,10,5.99,59.9
DTL00675,ORD00232,PRD015,10,5.98,59.8
DTL00676,ORD00232,PRD020,2,8.99,17.98
DTL00677,ORD00233,PRD006,6,7.49,44.94
DTL00678,ORD00234,PRD019,7,3.49,24.43
DTL00679,ORD00234,PRD013,3,6.98,20.94
DTL00680,ORD00235,PRD006,8,7.49,59.92
DTL00681,ORD00235,PRD016,10,4.49,44.9
DTL00682,ORD00235,PRD010,1,2.79,2.79
DTL00683,ORD00235,PRD005,6,4.99,29.94
DTL00684,ORD00235,PRD011,1,3.99,3.99
DTL00685,ORD00236,PRD017,8,5.99,47.92
DTL00686,ORD00236,PRD021,7,4.29,30.03
DTL00687,ORD00236,PRD016,8,4.49,35.92
DTL00688,ORD00236,PRD014,8,2.68,21.44
DTL00689,ORD00236,PRD022,3,10.99,32.97
DTL00690,ORD00237,PRD002,9,3.49,31.41
DTL00691,ORD00237,PRD009,5,7.49,37.45
DTL00692,ORD00237,PRD008,3,10.99,32.97
DTL00693,ORD00238,PRD018,2,4.19,8.38
DTL00694,ORD00238,PRD017,5,5.99,29.95
DTL00695,ORD00238,PRD004,9,4.29,38.61
DTL00696,ORD00238,PRD019,6,3.49,20.94
DTL00697,ORD00239,PRD024,4,3.29,13.16
DTL00698,ORD00240,PRD015,2,5.98,11.96
DTL00699,ORD00241,PRD021,4,4.29,17.16
DTL00700,ORD00241,PRD014,4,2.68,10.72
DTL00701,ORD00241,PRD006,1,7.49,7.49
DTL00702,ORD00241,PRD020,10,8.99,89.9
DTL00703,ORD00241,PRD005,6,4.99,29.94
DTL00704,ORD00242,PRD010,9,2.79,25.11
DTL00705,ORD00242,PRD019,2,3.49,6.98
DTL00706,ORD00242,PRD009,3,7.49,22.47
DTL00707,ORD00243,PRD023,3,8.49,25.47
DTL00708,ORD00243,PRD028,4,5.99,23.96
DTL00709,ORD00244,PRD016,5,4.49,22.45
DTL00710,ORD00244,PRD005,7,4.99,34.93
DTL00711,ORD00244,PRD019,7,3.49,24.43
DTL00712,ORD00244,PRD021,8,4.29,34.32
DTL00713,ORD00245,PRD013,9,6.98,62.82
DTL00714,ORD00246,PRD015,10,5.98,59.8
DTL00715,ORD00246,PRD016,1,4.49,4.49
DTL00716,ORD00246,PRD011,2,3.99,7.98
DTL00717,ORD00247,PRD028,9,5.99,53.91
DTL00718,ORD00247,PRD003,7,2.49,17.43
DTL00719,ORD00247,PRD026,4,5.99,23.96
DTL00720,ORD00248,PRD011,3,3.99,11.97
DTL00721,ORD00248,PRD018,10,4.19,41.9
DTL00722,ORD00248,PRD019,8,3.49,27.92
DTL00723,ORD00249,PRD004,8,4.29,34.32
DTL00724,ORD00250,PRD015,7,5.98,41.86
DTL00725,ORD00250,PRD001,4,2.99,11.96
DTL00726,ORD00251,PRD021,6,4.29,25.74
DTL00727,ORD00252,PRD013,5,6.98,34.9
DTL00728,ORD00253,PRD001,4,2.99,11.96
DTL00729,ORD00254,PRD022,2,10.99,21.98
DTL00730,ORD00254,PRD015,7,5.98,41.86
DTL00731,ORD00254,PRD001,3,2.99,8.97
DTL00732,ORD00254,PRD023,8,8.49,67.92
DTL00733,ORD00254,PRD011,2,3.99,7.98
DTL00734,ORD00255,PRD011,6,3.99,23.94
DTL00735,ORD00256,PRD003,10,2.49,24.9
DTL00736,ORD00256,PRD017,1,5.99,5.99
DTL00737,ORD00257,PRD030,10,22.99,229.9
DTL00738,ORD00257,PRD014,8,2.68,21.44
DTL00739,ORD00258,PRD019,7,3.49,24.43
DTL00740,ORD00259,PRD009,2,7.49,14.98
DTL00741,ORD00259,PRD021,4,4.29,17.16
DTL00742,ORD00260,PRD017,9,5.99,53.91
DTL00743,ORD00260,PRD020,4,8.99,35.96
DTL00744,ORD00261,PRD013,10,6.98,69.8
DTL00745,ORD00261,PRD004,2,4.29,8.58
DTL00746,ORD00261,PRD008,9,10.99,98.91
DTL00747,ORD00261,PRD016,1,4.49,4.49
DTL00748,ORD00262,PRD012,8,3.49,27.92
DTL00749,ORD00262,PRD018,2,4.19,8.38
DTL00750,ORD00262,PRD022,1,10.99,10.99
DTL00751,ORD00262,PRD006,10,7.49,74.9
DTL00752,ORD00263,PRD026,7,5.99,41.93
DTL00753,ORD00264,PRD014,9,2.68,24.12
DTL00754,ORD00264,PRD023,9,8.49,76.41
DTL00755,ORD00264,PRD013,10,6.98,69.8
DTL00756,ORD00264,PRD003,3,2.49,7.47
DTL00757,ORD00265,PRD026,9,5.99,53.91
DTL00758,ORD00265,PRD005,6,4.99,29.94
DTL00759,ORD00266,PRD023,4,8.49,33.96
DTL00760,ORD00266,PRD014,1,2.68,2.68
DTL00761,ORD00266,PRD024,4,3.29,13.16
DTL00762,ORD00267,PRD002,2,3.49,6.98
DTL00763,ORD00267,PRD010,1,2.79,2.79
DTL00764,ORD00267,PRD022,3,10.99,32.97
DTL00765,ORD00267,PRD024,1,3.29,3.29
DTL00766,ORD00267,PRD006,3,7.49,22.47
DTL00767,ORD00268,PRD012,5,3.49,17.45
DTL00768,ORD00268,PRD005,2,4.99,9.98
DTL00769,ORD00269,PRD003,2,2.49,4.98
DTL00770,ORD00269,PRD009,8,7.49,59.92
DTL00771,ORD00269,PRD023,8,8.49,67.92
DTL00772,ORD00269,PRD019,9,3.49,31.41
DTL00773,ORD00269,PRD021,6,4.29,25.74
DTL00774,ORD00270,PRD006,2,7.49,14.98
DTL00775,ORD00270,PRD009,10,7.49,74.9
DTL00776,ORD00270,PRD025,2,5.49,10.98
DTL00777,ORD00271,PRD002,6,3.49,20.94
DTL00778,ORD00271,PRD016,7,4.49,31.43
DTL00779,ORD00272,PRD018,7,4.19,29.33
DTL00780,ORD00273,PRD027,6,3.49,20.94
DTL00781,ORD00273,PRD003,2,2.49,4.98
DTL00782,ORD00273,PRD019,9,3.49,31.41
DTL00783,ORD00274,PRD013,2,6.98,13.96
DTL00784,ORD00275,PRD011,8,3.99,31.92
DTL00785,ORD00275,PRD003,1,2.49,2.49
DTL00786,ORD00275,PRD018,6,4.19,25.14
DTL00787,ORD00276,PRD008,4,10.99,43.96
DTL00788,ORD00276,PRD015,9,5.98,53.82
DTL00789,ORD00276,PRD012,4,3.49,13.96
DTL00790,ORD00276,PRD019,3,3.49,10.47
DTL00791,ORD00276,PRD016,1,4.49,4.49
DTL00792,ORD00277,PRD011,1,3.99,3.99
DTL00793,ORD00278,PRD014,1,2.68,2.68
DTL00794,ORD00278,PRD016,3,4.49,13.47
DTL00795,ORD00279,PRD014,2,2.68,5.36
DTL00796,ORD00279,PRD023,10,8.49,84.9
DTL00797,ORD00279,PRD029,2,16.99,33.98
DTL00798,ORD00279,PRD012,9,3.49,31.41
DTL00799,ORD00279,PRD015,3,5.98,17.94
DTL00800,ORD00280,PRD022,5,10.99,54.95
DTL00801,ORD00280,PRD005,6,4.99,29.94
DTL00802,ORD00280,PRD008,7,10.99,76.93
DTL00803,ORD00280,PRD010,6,2.79,16.74
DTL00804,ORD00281,PRD005,10,4.99,49.9
DTL00805,ORD00281,PRD025,2,5.49,10.98
DTL00806,ORD00282,PRD014,6,2.68,16.08
DTL00807,ORD00282,PRD004,4,4.29,17.16
DTL00808,ORD00282,PRD018,8,4.19,33.52
DTL00809,ORD00283,PRD006,5,7.49,37.45
DTL00810,ORD00284,PRD003,4,2.49,9.96
DTL00811,ORD00284,PRD023,6,8.49,50.94
DTL00812,ORD00285,PRD027,7,3.49,24.43
DTL00813,ORD00285,PRD006,8,7.49,59.92
DTL00814,ORD00285,PRD001,9,2.99,26.91
DTL00815,ORD00286,PRD001,1,2.99,2.99
DTL00816,ORD00287,PRD022,10,10.99,109.9
DTL00817,ORD00287,PRD021,10,4.29,42.9
DTL00818,ORD00287,PRD003,5,2.49,12.45
DTL00819,ORD00288,PRD029,8,16.99,135.92
DTL00820,ORD00288,PRD021,3,4.29,12.87
DTL00821,ORD00289,PRD006,10,7.49,74.9
DTL00822,ORD00290,PRD006,3,7.49,22.47
DTL00823,ORD00290,PRD012,5,3.49,17.45
DTL00824,ORD00290,PRD007,5,8.99,44.95
DTL00825,ORD00290,PRD030,8,22.99,183.92
DTL00826,ORD00291,PRD021,8,4.29,34.32
DTL00827,ORD00291,PRD010,7,2.79,19.53
DTL00828,ORD00292,PRD014,9,2.68,24.12
DTL00829,ORD00292,PRD007,4,8.99,35.96
DTL00830,ORD00293,PRD016,8,4.49,35.92
DTL00831,ORD00293,PRD018,6,4.19,25.14
DTL00832,ORD00293,PRD026,10,5.99,59.9
DTL00833,ORD00294,PRD020,5,8.99,44.95
DTL00834,ORD00294,PRD008,1,10.99,10.99
DTL00835,ORD00294,PRD001,8,2.99,23.92
DTL00836,ORD00295,PRD004,4,4.29,17.16
DTL00837,ORD00295,PRD008,5,10.99,54.95
DTL00838,ORD00296,PRD030,3,22.99,68.97
DTL00839,ORD00296,PRD027,3,3.49,10.47
DTL00840,ORD00296,PRD028,4,5.99,23.96
DTL00841,ORD00297,PRD023,6,8.49,50.94
DTL00842,ORD00298,PRD018,1,4.19,4.19
DTL00843,ORD00298,PRD010,2,2.79,5.58
DTL00844,ORD00298,PRD006,1,7.49,7.49
DTL00845,ORD00298,PRD016,4,4.49,17.96
DTL00846,ORD00299,PRD030,3,22.99,68.97
DTL00847,ORD00299,PRD020,6,8.99,53.94
DTL00848,ORD00299,PRD007,3,8.99,26.97
DTL00849,ORD00300,PRD025,9,5.49,49.41
DTL00850,ORD00300,PRD004,6,4.29,25.74
DTL00851,ORD00301,PRD019,6,3.49,20.94
DTL00852,ORD00301,PRD004,3,4.29,12.87
DTL00853,ORD00301,PRD011,3,3.99,11.97
DTL00854,ORD00301,PRD010,7,2.79,19.53
DTL00855,ORD00302,PRD026,3,5.99,17.97
DTL00856,ORD00302,PRD012,7,3.49,24.43
DTL00857,ORD00302,PRD008,5,10.99,54.95
DTL00858,ORD00302,PRD022,5,10.99,54.95
DTL00859,ORD00302,PRD019,3,3.49,10.47
DTL00860,ORD00303,PRD013,3,6.98,20.94
DTL00861,ORD00303,PRD028,10,5.99,59.9
DTL00862,ORD00303,PRD025,6,5.49,32.94
DTL00863,ORD00303,PRD019,10,3.49,34.9
DTL00864,ORD00303,PRD002,4,3.49,13.96
DTL00865,ORD00304,PRD012,3,3.49,10.47
DTL00866,ORD00304,PRD011,2,3.99,7.98
DTL00867,ORD00305,PRD023,6,8.49,50.94
DTL00868,ORD00305,PRD003,5,2.49,12.45
DTL00869,ORD00306,PRD006,7,7.49,52.43
DTL00870,ORD00306,PRD029,6,16.99,101.94
DTL00871,ORD00306,PRD014,9,2.68,24.12
DTL00872,ORD00306,PRD016,7,4.49,31.43
DTL00873,ORD00307,PRD021,8,4.29,34.32
DTL00874,ORD00307,PRD025,2,5.49,10.98
DTL00875,ORD00307,PRD022,1,10.99,10.99
DTL00876,ORD00307,PRD008,5,10.99,54.95
DTL00877,ORD00307,PRD006,1,7.49,7.49
DTL00878,ORD00308,PRD011,3,3.99,11.97
DTL00879,ORD00309,PRD029,1,16.99,16.99
DTL00880,ORD00309,PRD003,7,2.49,17.43
DTL00881,ORD00309,PRD011,3,3.99,11.97
DTL00882,ORD00309,PRD020,10,8.99,89.9
DTL00883,ORD00309,PRD016,7,4.49,31.43
DTL00884,ORD00310,PRD014,9,2.68,24.12
DTL00885,ORD00310,PRD023,9,8.49,76.41
DTL00886,ORD00311,PRD002,7,3.49,24.43
DTL00887,ORD00312,PRD003,10,2.49,24.9
DTL00888,ORD00312,PRD010,8,2.79,22.32
DTL00889,ORD00312,PRD027,4,3.49,13.96
DTL00890,ORD00312,PRD022,2,10.99,21.98
DTL00891,ORD00313,PRD016,2,4.49,8.98
DTL00892,ORD00314,PRD021,9,4.29,38.61
DTL00893,ORD00315,PRD006,5,7.49,37.45
DTL00894,ORD00315,PRD015,8,5.98,47.84
DTL00895,ORD00315,PRD002,8,3.49,27.92
DTL00896,ORD00316,PRD025,2,5.49,10.98
DTL00897,ORD00316,PRD023,2,8.49,16.98
DTL00898,ORD00317,PRD018,7,4.19,29.33
DTL00899,ORD00317,PRD002,9,3.49,31.41
DTL00900,ORD00318,PRD019,5,3.49,17.45
DTL00901,ORD00318,PRD029,2,16.99,33.98
DTL00902,ORD00318,PRD008,7,10.99,76.93
DTL00903,ORD00318,PRD016,1,4.49,4.49
DTL00904,ORD00319,PRD006,1,7.49,7.49
DTL00905,ORD00319,PRD007,7,8.99,62.93
DTL00906,ORD00319,PRD026,2,5.99,11.98
DTL00907,ORD00319,PRD005,7,4.99,34.93
DTL00908,ORD00320,PRD011,2,3.99,7.98
DTL00909,ORD00320,PRD030,2,22.99,45.98
DTL00910,ORD00320,PRD024,7,3.29,23.03
DTL00911,ORD00321,PRD015,10,5.98,59.8
DTL00912,ORD00321,PRD030,10,22.99,229.9
DTL00913,ORD00321,PRD028,9,5.99,53.91
DTL00914,ORD00321,PRD001,7,2.99,20.93
DTL00915,ORD00321,PRD026,2,5.99,11.98
DTL00916,ORD00322,PRD025,5,5.49,27.45
DTL00917,ORD00322,PRD004,9,4.29,38.61
DTL00918,ORD00322,PRD030,6,22.99,137.94
DTL00919,ORD00322,PRD019,7,3.49,24.43
DTL00920,ORD00322,PRD026,5,5.99,29.95
DTL00921,ORD00323,PRD002,3,3.49,10.47
DTL00922,ORD00323,PRD006,10,7.49,74.9
DTL00923,ORD00323,PRD009,10,7.49,74.9
DTL00924,ORD00323,PRD013,7,6.98,48.86
DTL00925,ORD00324,PRD002,8,3.49,27.92
DTL00926,ORD00324,PRD024,5,3.29,16.45
DTL00927,ORD00325,PRD009,2,7.49,14.98
DTL00928,ORD00325,PRD027,4,3.49,13.96
DTL00929,ORD00325,PRD016,3,4.49,13.47
DTL00930,ORD00326,PRD009,10,7.49,74.9
DTL00931,ORD00326,PRD024,2,3.29,6.58
DTL00932,ORD00326,PRD014,4,2.68,10.72
DTL00933,ORD00327,PRD025,1,5.49,5.49
DTL00934,ORD00327,PRD017,9,5.99,53.91
DTL00935,ORD00327,PRD028,3,5.99,17.97
DTL00936,ORD00327,PRD012,2,3.49,6.98
DTL00937,ORD00328,PRD029,4,16.99,67.96
DTL00938,ORD00328,PRD019,1,3.49,3.49
DTL00939,ORD00328,PRD001,4,2.99,11.96
DTL00940,ORD00328,PRD006,1,7.49,7.49
DTL00941,ORD00328,PRD007,8,8.99,71.92
DTL00942,ORD00329,PRD012,9,3.49,31.41
DTL00943,ORD00329,PRD027,7,3.49,24.43
DTL00944,ORD00329,PRD015,2,5.98,11.96
DTL00945,ORD00330,PRD006,9,7.49,67.41
DTL00946,ORD00330,PRD028,6,5.99,35.94
DTL00947,ORD00330,PRD016,6,4.49,26.94
DTL00948,ORD00330,PRD019,3,3.49,10.47
DTL00949,ORD00331,PRD002,4,3.49,13.96
DTL00950,ORD00331,PRD006,4,7.49,29.96
DTL00951,ORD00331,PRD028,4,5.99,23.96
DTL00952,ORD00331,PRD019,4,3.49,13.96
DTL00953,ORD00332,PRD016,3,4.49,13.47
DTL00954,ORD00333,PRD020,5,8.99,44.95
DTL00955,ORD00333,PRD026,7,5.99,41.93
DTL00956,ORD00333,PRD010,7,2.79,19.53
DTL00957,ORD00334,PRD022,10,10.99,109.9
DTL00958,ORD00334,PRD017,7,5.99,41.93
DTL00959,ORD00334,PRD027,10,3.49,34.9
DTL00960,ORD00335,PRD021,8,4.29,34.32
DTL00961,ORD00335,PRD020,2,8.99,17.98
DTL00962,ORD00335,PRD010,6,2.79,16.74
DTL00963,ORD00335,PRD022,5,10.99,54.95
DTL00964,ORD00335,PRD004,6,4.29,25.74
DTL00965,ORD00336,PRD007,4,8.99,35.96
DTL00966,ORD00336,PRD005,1,4.99,4.99
DTL00967,ORD00336,PRD017,10,5.99,59.9
DTL00968,ORD00337,PRD021,8,4.29,34.32
DTL00969,ORD00338,PRD024,10,3.29,32.9
DTL00970,ORD00338,PRD002,4,3.49,13.96
DTL00971,ORD00338,PRD019,6,3.49,20.94
DTL00972,ORD00338,PRD023,4,8.49,33.96
DTL00973,ORD00339,PRD027,9,3.49,31.41
DTL00974,ORD00339,PRD022,3,10.99,32.97
DTL00975,ORD00340,PRD025,6,5.49,32.94
DTL00976,ORD00340,PRD030,2,22.99,45.98
DTL00977,ORD00340,PRD006,4,7.49,29.96
DTL00978,ORD00340,PRD022,6,10.99,65.94
DTL00979,ORD00340,PRD029,4,16.99,67.96
DTL00980,ORD00341,PRD012,5,3.49,17.45
DTL00981,ORD00341,PRD009,8,7.49,59.92
DTL00982,ORD00341,PRD019,2,3.49,6.98
DTL00983,ORD00342,PRD029,7,16.99,118.93
DTL00984,ORD00342,PRD007,9,8.99,80.91
DTL00985,ORD00342,PRD017,5,5.99,29.95
DTL00986,ORD00342,PRD004,7,4.29,30.03
DTL00987,ORD00343,PRD014,8,2.68,21.44
DTL00988,ORD00343,PRD019,3,3.49,10.47
DTL00989,ORD00343,PRD029,6,16.99,101.94
DTL00990,ORD00344,PRD021,8,4.29,34.32
DTL00991,ORD00344,PRD002,5,3.49,17.45
DTL00992,ORD00344,PRD001,4,2.99,11.96
DTL00993,ORD00345,PRD026,10,5.99,59.9
DTL00994,ORD00345,PRD025,7,5.49,38.43
DTL00995,ORD00345,PRD003,7,2.49,17.43
DTL00996,ORD00345,PRD005,7,4.99,34.93
DTL00997,ORD00346,PRD007,6,8.99,53.94
DTL00998,ORD00346,PRD024,9,3.29,29.61
DTL00999,ORD00346,PRD012,4,3.49,13.96
DTL01000,ORD00346,PRD001,1,2.99,2.99
DTL01001,ORD00346,PRD029,1,16.99,16.99
DTL01002,ORD00347,PRD010,7,2.79,19.53
DTL01003,ORD00347,PRD005,9,4.99,44.91
DTL01004,ORD00347,PRD004,10,4.29,42.9
DTL01005,ORD00348,PRD010,9,2.79,25.11
DTL01006,ORD00348,PRD015,10,5.98,59.8
DTL01007,ORD00348,PRD024,9,3.29,29.61
DTL01008,ORD00349,PRD029,4,16.99,67.96
DTL01009,ORD00349,PRD016,3,4.49,13.47
DTL01010,ORD00349,PRD012,7,3.49,24.43
DTL01011,ORD00350,PRD024,10,3.29,32.9
DTL01012,ORD00350,PRD001,9,2.99,26.91
DTL01013,ORD00351,PRD029,9,16.99,152.91
DTL01014,ORD00351,PRD021,10,4.29,42.9
DTL01015,ORD00351,PRD009,1,7.49,7.49
DTL01016,ORD00351,PRD025,10,5.49,54.9
DTL01017,ORD00352,PRD023,2,8.49,16.98
DTL01018,ORD00353,PRD016,4,4.49,17.96
DTL01019,ORD00353,PRD023,1,8.49,8.49
DTL01020,ORD00353,PRD005,5,4.99,24.95
DTL01021,ORD00354,PRD020,7,8.99,62.93
DTL01022,ORD00354,PRD023,2,8.49,16.98
DTL01023,ORD00354,PRD005,9,4.99,44.91
DTL01024,ORD00355,PRD007,9,8.99,80.91
DTL01025,ORD00355,PRD020,4,8.99,35.96
DTL01026,ORD00355,PRD025,6,5.49,32.94
DTL01027,ORD00355,PRD009,7,7.49,52.43
DTL01028,ORD00356,PRD023,8,8.49,67.92
DTL01029,ORD00356,PRD030,6,22.99,137.94
DTL01030,ORD00357,PRD027,10,3.49,34.9
DTL01031,ORD00358,PRD003,4,2.49,9.96
DTL01032,ORD00358,PRD024,8,3.29,26.32
DTL01033,ORD00358,PRD004,5,4.29,21.45
DTL01034,ORD00358,PRD029,5,16.99,84.95
DTL01035,ORD00358,PRD009,8,7.49,59.92
DTL01036,ORD00359,PRD012,6,3.49,20.94
DTL01037,ORD00359,PRD026,7,5.99,41.93
DTL01038,ORD00359,PRD022,2,10.99,21.98
DTL01039,ORD00360,PRD011,8,3.99,31.92
DTL01040,ORD00360,PRD012,10,3.49,34.9
DTL01041,ORD00361,PRD004,7,4.29,30.03
DTL01042,ORD00361,PRD013,8,6.98,55.84
DTL01043,ORD00362,PRD026,3,5.99,17.97
DTL01044,ORD00362,PRD014,2,2.68,5.36
DTL01045,ORD00362,PRD021,3,4.29,12.87
DTL01046,ORD00362,PRD029,1,16.99,16.99
DTL01047,ORD00363,PRD026,3,5.99,17.97
DTL01048,ORD00363,PRD019,10,3.49,34.9
DTL01049,ORD00363,PRD022,7,10.99,76.93
DTL01050,ORD00363,PRD015,6,5.98,35.88
DTL01051,ORD00364,PRD030,7,22.99,160.93
DTL01052,ORD00364,PRD016,8,4.49,35.92
DTL01053,ORD00364,PRD004,1,4.29,4.29
DTL01054,ORD00364,PRD029,2,16.99,33.98
DTL01055,ORD00365,PRD024,6,3.29,19.74
DTL01056,ORD00365,PRD019,9,3.49,31.41
DTL01057,ORD00365,PRD008,9,10.99,98.91
DTL01058,ORD00365,PRD022,10,10.99,109.9
DTL01059,ORD00365,PRD028,2,5.99,11.98
DTL01060,ORD00366,PRD012,3,3.49,10.47
DTL01061,ORD00366,PRD022,9,10.99,98.91
DTL01062,ORD00366,PRD021,10,4.29,42.9
DTL01063,ORD00366,PRD013,1,6.98,6.98
DTL01064,ORD00367,PRD028,8,5.99,47.92
DTL01065,ORD00367,PRD016,6,4.49,26.94
DTL01066,ORD00367,PRD006,4,7.49,29.96
DTL01067,ORD00367,PRD003,6,2.49,14.94
DTL01068,ORD00367,PRD025,5,5.49,27.45
DTL01069,ORD00368,PRD027,8,3.49,27.92
DTL01070,ORD00368,PRD008,10,10.99,109.9
DTL01071,ORD00368,PRD003,8,2.49,19.92
DTL01072,ORD00368,PRD015,2,5.98,11.96
DTL01073,ORD00369,PRD004,7,4.29,30.03
DTL01074,ORD00370,PRD026,10,5.99,59.9
DTL01075,ORD00371,PRD012,4,3.49,13.96
DTL01076,ORD00371,PRD027,8,3.49,27.92
DTL01077,ORD00371,PRD002,6,3.49,20.94
DTL01078,ORD00372,PRD004,4,4.29,17.16
DTL01079,ORD00373,PRD017,3,5.99,17.97
DTL01080,ORD00373,PRD012,8,3.49,27.92
DTL01081,ORD00373,PRD023,3,8.49,25.47
DTL01082,ORD00373,PRD004,7,4.29,30.03
DTL01083,ORD00373,PRD002,2,3.49,6.98
DTL01084,ORD00374,PRD007,4,8.99,35.96
DTL01085,ORD00374,PRD015,6,5.98,35.88
DTL01086,ORD00374,PRD027,2,3.49,6.98
DTL01087,ORD00374,PRD026,7,5.99,41.93
DTL01088,ORD00375,PRD015,3,5.98,17.94
DTL01089,ORD00375,PRD022,8,10.99,87.92
DTL01090,ORD00375,PRD019,1,3.49,3.49
DTL01091,ORD00375,PRD017,9,5.99,53.91
DTL01092,ORD00376,PRD016,10,4.49,44.9
DTL01093,ORD00376,PRD030,3,22.99,68.97
DTL01094,ORD00376,PRD017,3,5.99,17.97
DTL01095,ORD00376,PRD025,2,5.49,10.98
DTL01096,ORD00376,PRD006,7,7.49,52.43
DTL01097,ORD00377,PRD030,7,22.99,160.93
DTL01098,ORD00377,PRD023,6,8.49,50.94
DTL01099,ORD00377,PRD025,5,5.49,27.45
DTL01100,ORD00377,PRD008,8,10.99,87.92
DTL01101,ORD00377,PRD009,3,7.49,22.47
DTL01102,ORD00378,PRD027,6,3.49,20.94
DTL01103,ORD00378,PRD023,9,8.49,76.41
DTL01104,ORD00378,PRD018,4,4.19,16.76
DTL01105,ORD00379,PRD030,3,22.99,68.97
DTL01106,ORD00379,PRD022,9,10.99,98.91
DTL01107,ORD00379,PRD005,9,4.99,44.91
DTL01108,ORD00380,PRD016,9,4.49,40.41
DTL01109,ORD00380,PRD019,5,3.49,17.45
DTL01110,ORD00380,PRD022,7,10.99,76.93
DTL01111,ORD00380,PRD023,1,8.49,8.49
DTL01112,ORD00380,PRD014,9,2.68,24.12
DTL01113,ORD00381,PRD007,5,8.99,44.95
DTL01114,ORD00382,PRD027,5,3.49,17.45
DTL01115,ORD00382,PRD002,4,3.49,13.96
DTL01116,ORD00383,PRD028,9,5.99,53.91
DTL01117,ORD00383,PRD022,7,10.99,76.93
DTL01118,ORD00383,PRD024,4,3.29,13.16
DTL01119,ORD00383,PRD018,9,4.19,37.71
DTL01120,ORD00383,PRD008,5,10.99,54.95
DTL01121,ORD00384,PRD002,10,3.49,34.9
DTL01122,ORD00384,PRD001,8,2.99,23.92
DTL01123,ORD00384,PRD024,4,3.29,13.16
DTL01124,ORD00384,PRD009,6,7.49,44.94
DTL01125,ORD00384,PRD007,10,8.99,89.9
DTL01126,ORD00385,PRD006,3,7.49,22.47
DTL01127,ORD00386,PRD009,5,7.49,37.45
DTL01128,ORD00386,PRD005,1,4.99,4.99
DTL01129,ORD00386,PRD006,6,7.49,44.94
DTL01130,ORD00386,PRD019,8,3.49,27.92
DTL01131,ORD00386,PRD028,3,5.99,17.97
DTL01132,ORD00387,PRD002,5,3.49,17.45
DTL01133,ORD00387,PRD025,8,5.49,43.92
DTL01134,ORD00387,PRD030,10,22.99,229.9
DTL01135,ORD00387,PRD021,9,4.29,38.61
DTL01136,ORD00387,PRD020,6,8.99,53.94
DTL01137,ORD00388,PRD017,9,5.99,53.91
DTL01138,ORD00388,PRD003,3,2.49,7.47
DTL01139,ORD00389,PRD008,6,10.99,65.94
DTL01140,ORD00389,PRD029,6,16.99,101.94
DTL01141,ORD00389,PRD007,6,8.99,53.94
DTL01142,ORD00390,PRD017,1,5.99,5.99
DTL01143,ORD00390,PRD016,2,4.49,8.98
DTL01144,ORD00390,PRD018,6,4.19,25.14
DTL01145,ORD00390,PRD027,8,3.49,27.92
DTL01146,ORD00390,PRD025,4,5.49,21.96
DTL01147,ORD00391,PRD013,2,6.98,13.96
DTL01148,ORD00391,PRD030,7,22.99,160.93
DTL01149,ORD00391,PRD026,5,5.99,29.95
DTL01150,ORD00392,PRD026,5,5.99,29.95
DTL01151,ORD00392,PRD017,4,5.99,23.96
DTL01152,ORD00392,PRD015,6,5.98,35.88
DTL01153,ORD00392,PRD016,9,4.49,40.41
DTL01154,ORD00392,PRD002,2,3.49,6.98
DTL01155,ORD00393,PRD018,4,4.19,16.76
DTL01156,ORD00393,PRD001,7,2.99,20.93
DTL01157,ORD00393,PRD021,2,4.29,8.58
DTL01158,ORD00393,PRD003,4,2.49,9.96
DTL01159,ORD00393,PRD007,9,8.99,80.91
DTL01160,ORD00394,PRD001,6,2.99,17.94
DTL01161,ORD00394,PRD015,1,5.98,5.98
DTL01162,ORD00395,PRD003,5,2.49,12.45
DTL01163,ORD00395,PRD019,7,3.49,24.43
DTL01164,ORD00395,PRD027,7,3.49,24.43
DTL01165,ORD00395,PRD008,8,10.99,87.92
DTL01166,ORD00395,PRD030,7,22.99,160.93
DTL01167,ORD00396,PRD001,10,2.99,29.9
DTL01168,ORD00396,PRD021,1,4.29,4.29
DTL01169,ORD00396,PRD024,2,3.29,6.58
DTL01170,ORD00396,PRD020,6,8.99,53.94
DTL01171,ORD00396,PRD003,9,2.49,22.41
DTL01172,ORD00397,PRD020,8,8.99,71.92
DTL01173,ORD00397,PRD003,7,2.49,17.43
DTL01174,ORD00397,PRD010,7,2.79,19.53
DTL01175,ORD00398,PRD024,9,3.29,29.61
DTL01176,ORD00398,PRD013,5,6.98,34.9
DTL01177,ORD00399,PRD001,9,2.99,26.91
DTL01178,ORD00399,PRD018,3,4.19,12.57
DTL01179,ORD00399,PRD028,2,5.99,11.98
DTL01180,ORD00400,PRD018,6,4.19,25.14
DTL01181,ORD00400,PRD003,4,2.49,9.96
DTL01182,ORD00400,PRD010,7,2.79,19.53
DTL01183,ORD00400,PRD007,9,8.99,80.91
DTL01184,ORD00400,PRD024,3,3.29,9.87
DTL01185,ORD00401,PRD004,10,4.29,42.9
DTL01186,ORD00401,PRD006,1,7.49,7.49
DTL01187,ORD00402,PRD009,2,7.49,14.98
DTL01188,ORD00403,PRD005,4,4.99,19.96
DTL01189,ORD00403,PRD022,2,10.99,21.98
DTL01190,ORD00403,PRD021,5,4.29,21.45
DTL01191,ORD00404,PRD020,10,8.99,89.9
DTL01192,ORD00404,PRD022,3,10.99,32.97
DTL01193,ORD00404,PRD010,10,2.79,27.9
DTL01194,ORD00405,PRD001,4,2.99,11.96
DTL01195,ORD00405,PRD011,4,3.99,15.96
DTL01196,ORD00406,PRD029,8,16.99,135.92
DTL01197,ORD00406,PRD016,6,4.49,26.94
DTL01198,ORD00406,PRD015,5,5.98,29.9
DTL01199,ORD00407,PRD027,5,3.49,17.45
DTL01200,ORD00408,PRD029,1,16.99,16.99
DTL01201,ORD00409,PRD030,9,22.99,206.91
DTL01202,ORD00409,PRD002,5,3.49,17.45
DTL01203,ORD00410,PRD013,10,6.98,69.8
DTL01204,ORD00410,PRD008,5,10.99,54.95
DTL01205,ORD00410,PRD029,3,16.99,50.97
DTL01206,ORD00411,PRD017,4,5.99,23.96
DTL01207,ORD00411,PRD001,10,2.99,29.9
DTL01208,ORD00411,PRD022,3,10.99,32.97
DTL01209,ORD00412,PRD022,6,10.99,65.94
DTL01210,ORD00412,PRD028,1,5.99,5.99
DTL01211,ORD00412,PRD005,4,4.99,19.96
DTL01212,ORD00412,PRD024,8,3.29,26.32
DTL01213,ORD00412,PRD016,4,4.49,17.96
DTL01214,ORD00413,PRD017,6,5.99,35.94
DTL01215,ORD00413,PRD030,7,22.99,160.93
DTL01216,ORD00414,PRD004,5,4.29,21.45
DTL01217,ORD00414,PRD023,5,8.49,42.45
DTL01218,ORD00414,PRD017,10,5.99,59.9
DTL01219,ORD00415,PRD019,2,3.49,6.98
DTL01220,ORD00415,PRD021,9,4.29,38.61
DTL01221,ORD00415,PRD029,5,16.99,84.95
DTL01222,ORD00416,PRD016,10,4.49,44.9
DTL01223,ORD00416,PRD026,1,5.99,5.99
DTL01224,ORD00416,PRD029,9,16.99,152.91
DTL01225,ORD00417,PRD021,3,4.29,12.87
DTL01226,ORD00417,PRD009,6,7.49,44.94
DTL01227,ORD00417,PRD007,10,8.99,89.9
DTL01228,ORD00417,PRD005,2,4.99,9.98
DTL01229,ORD00417,PRD006,4,7.49,29.96
DTL01230,ORD00418,PRD022,3,10.99,32.97
DTL01231,ORD00418,PRD016,7,4.49,31.43
DTL01232,ORD00418,PRD007,1,8.99,8.99
DTL01233,ORD00418,PRD019,4,3.49,13.96
DTL01234,ORD00419,PRD021,1,4.29,4.29
DTL01235,ORD00419,PRD017,10,5.99,59.9
DTL01236,ORD00420,PRD013,5,6.98,34.9
DTL01237,ORD00420,PRD020,2,8.99,17.98
DTL01238,ORD00420,PRD019,4,3.49,13.96
DTL01239,ORD00420,PRD021,8,4.29,34.32
DTL01240,ORD00420,PRD001,10,2.99,29.9
DTL01241,ORD00421,PRD005,3,4.99,14.97
DTL01242,ORD00421,PRD026,10,5.99,59.9
DTL01243,ORD00421,PRD019,9,3.49,31.41
DTL01244,ORD00421,PRD027,5,3.49,17.45
DTL01245,ORD00421,PRD025,3,5.49,16.47
DTL01246,ORD00422,PRD013,2,6.98,13.96
DTL01247,ORD00422,PRD005,1,4.99,4.99
DTL01248,ORD00423,PRD027,3,3.49,10.47
DTL01249,ORD00423,PRD005,8,4.99,39.92
DTL01250,ORD00423,PRD020,10,8.99,89.9
DTL01251,ORD00423,PRD004,10,4.29,42.9
DTL01252,ORD00424,PRD016,3,4.49,13.47
DTL01253,ORD00425,PRD012,9,3.49,31.41
DTL01254,ORD00425,PRD028,7,5.99,41.93
DTL01255,ORD00425,PRD002,4,3.49,13.96
DTL01256,ORD00425,PRD023,8,8.49,67.92
DTL01257,ORD00426,PRD014,3,2.68,8.04
DTL01258,ORD00427,PRD010,10,2.79,27.9
DTL01259,ORD00428,PRD017,4,5.99,23.96
DTL01260,ORD00428,PRD004,6,4.29,25.74
DTL01261,ORD00428,PRD001,7,2.99,20.93
DTL01262,ORD00428,PRD013,6,6.98,41.88
DTL01263,ORD00428,PRD021,2,4.29,8.58
DTL01264,ORD00429,PRD009,7,7.49,52.43
DTL01265,ORD00429,PRD028,10,5.99,59.9
DTL01266,ORD00429,PRD018,6,4.19,25.14
DTL01267,ORD00430,PRD018,6,4.19,25.14
DTL01268,ORD00430,PRD026,9,5.99,53.91
DTL01269,ORD00430,PRD016,9,4.49,40.41
DTL01270,ORD00430,PRD006,8,7.49,59.92
DTL01271,ORD00431,PRD028,2,5.99,11.98
DTL01272,ORD00431,PRD022,4,10.99,43.96
DTL01273,ORD00432,PRD007,9,8.99,80.91
DTL01274,ORD00433,PRD013,1,6.98,6.98
DTL01275,ORD00433,PRD021,2,4.29,8.58
DTL01276,ORD00434,PRD003,2,2.49,4.98
DTL01277,ORD00434,PRD009,10,7.49,74.9
DTL01278,ORD00434,PRD008,1,10.99,10.99
DTL01279,ORD00434,PRD012,7,3.49,24.43
DTL01280,ORD00435,PRD023,3,8.49,25.47
DTL01281,ORD00435,PRD020,8,8.99,71.92
DTL01282,ORD00435,PRD002,8,3.49,27.92
DTL01283,ORD00436,PRD007,10,8.99,89.9
DTL01284,ORD00436,PRD002,9,3.49,31.41
DTL01285,ORD00436,PRD026,9,5.99,53.91
DTL01286,ORD00437,PRD008,3,10.99,32.97
DTL01287,ORD00437,PRD021,2,4.29,8.58
DTL01288,ORD00437,PRD001,5,2.99,14.95
DTL01289,ORD00438,PRD019,2,3.49,6.98
DTL01290,ORD00438,PRD007,2,8.99,17.98
DTL01291,ORD00438,PRD017,9,5.99,53.91
DTL01292,ORD00438,PRD001,5,2.99,14.95
DTL01293,ORD00439,PRD008,8,10.99,87.92
DTL01294,ORD00439,PRD020,7,8.99,62.93
DTL01295,ORD00439,PRD007,10,8.99,89.9
DTL01296,ORD00440,PRD018,2,4.19,8.38
DTL01297,ORD00441,PRD009,10,7.49,74.9
DTL01298,ORD00441,PRD029,5,16.99,84.95
DTL01299,ORD00441,PRD018,8,4.19,33.52
DTL01300,ORD00441,PRD027,7,3.49,24.43
DTL01301,ORD00441,PRD026,10,5.99,59.9
DTL01302,ORD00442,PRD022,1,10.99,10.99
DTL01303,ORD00442,PRD015,8,5.98,47.84
DTL01304,ORD00442,PRD029,2,16.99,33.98
DTL01305,ORD00442,PRD019,5,3.49,17.45
DTL01306,ORD00443,PRD026,7,5.99,41.93
DTL01307,ORD00443,PRD011,6,3.99,23.94
DTL01308,ORD00444,PRD003,6,2.49,14.94
DTL01309,ORD00444,PRD013,2,6.98,13.96
DTL01310,ORD00444,PRD022,9,10.99,98.91
DTL01311,ORD00445,PRD009,4,7.49,29.96
DTL01312,ORD00445,PRD006,8,7.49,59.92
DTL01313,ORD00445,PRD024,4,3.29,13.16
DTL01314,ORD00445,PRD022,4,10.99,43.96
DTL01315,ORD00445,PRD030,4,22.99,91.96
DTL01316,ORD00446,PRD012,2,3.49,6.98
DTL01317,ORD00446,PRD005,8,4.99,39.92
DTL01318,ORD00446,PRD025,10,5.49,54.9
DTL01319,ORD00446,PRD004,1,4.29,4.29
DTL01320,ORD00446,PRD030,9,22.99,206.91
DTL01321,ORD00447,PRD029,8,16.99,135.92
DTL01322,ORD00447,PRD019,3,3.49,10.47
DTL01323,ORD00447,PRD028,9,5.99,53.91
DTL01324,ORD00447,PRD009,5,7.49,37.45
DTL01325,ORD00448,PRD002,7,3.49,24.43
DTL01326,ORD00448,PRD017,8,5.99,47.92
DTL01327,ORD00449,PRD004,6,4.29,25.74
DTL01328,ORD00449,PRD023,1,8.49,8.49
DTL01329,ORD00449,PRD017,1,5.99,5.99
DTL01330,ORD00449,PRD015,4,5.98,23.92
DTL01331,ORD00450,PRD028,5,5.99,29.95
DTL01332,ORD00450,PRD009,8,7.49,59.92
DTL01333,ORD00450,PRD006,10,7.49,74.9
DTL01334,ORD00450,PRD018,6,4.19,25.14
DTL01335,ORD00450,PRD008,6,10.99,65.94
DTL01336,ORD00451,PRD012,5,3.49,17.45
DTL01337,ORD00451,PRD028,8,5.99,47.92
DTL01338,ORD00451,PRD013,3,6.98,20.94
DTL01339,ORD00452,PRD024,5,3.29,16.45
DTL01340,ORD00453,PRD005,3,4.99,14.97
DTL01341,ORD00453,PRD026,8,5.99,47.92
DTL01342,ORD00454,PRD018,5,4.19,20.95
DTL01343,ORD00454,PRD024,5,3.29,16.45
DTL01344,ORD00454,PRD011,9,3.99,35.91
DTL01345,ORD00454,PRD026,10,5.99,59.9
DTL01346,ORD00454,PRD016,1,4.49,4.49
DTL01347,ORD00455,PRD007,5,8.99,44.95
DTL01348,ORD00456,PRD012,5,3.49,17.45
DTL01349,ORD00456,PRD018,6,4.19,25.14
DTL01350,ORD00456,PRD030,1,22.99,22.99
DTL01351,ORD00457,PRD019,9,3.49,31.41
DTL01352,ORD00457,PRD021,3,4.29,12.87
DTL01353,ORD00458,PRD025,2,5.49,10.98
DTL01354,ORD00458,PRD024,7,3.29,23.03
DTL01355,ORD00458,PRD015,10,5.98,59.8
DTL01356,ORD00458,PRD029,5,16.99,84.95
DTL01357,ORD00459,PRD021,6,4.29,25.74
DTL01358,ORD00459,PRD026,7,5.99,41.93
DTL01359,ORD00460,PRD011,5,3.99,19.95
DTL01360,ORD00460,PRD021,5,4.29,21.45
DTL01361,ORD00461,PRD017,1,5.99,5.99
DTL01362,ORD00461,PRD015,3,5.98,17.94
DTL01363,ORD00461,PRD014,4,2.68,10.72
DTL01364,ORD00461,PRD006,5,7.49,37.45
DTL01365,ORD00461,PRD028,2,5.99,11.98
DTL01366,ORD00462,PRD030,8,22.99,183.92
DTL01367,ORD00463,PRD025,3,5.49,16.47
DTL01368,ORD00463,PRD003,2,2.49,4.98
DTL01369,ORD00463,PRD004,7,4.29,30.03
DTL01370,ORD00463,PRD009,5,7.49,37.45
DTL01371,ORD00463,PRD020,4,8.99,35.96
DTL01372,ORD00464,PRD017,3,5.99,17.97
DTL01373,ORD00464,PRD027,1,3.49,3.49
DTL01374,ORD00465,PRD015,5,5.98,29.9
DTL01375,ORD00465,PRD028,9,5.99,53.91
DTL01376,ORD00465,PRD018,8,4.19,33.52
DTL01377,ORD00465,PRD030,3,22.99,68.97
DTL01378,ORD00466,PRD017,6,5.99,35.94
DTL01379,ORD00466,PRD021,8,4.29,34.32
DTL01380,ORD00466,PRD018,9,4.19,37.71
DTL01381,ORD00466,PRD010,4,2.79,11.16
DTL01382,ORD00467,PRD005,1,4.99,4.99
DTL01383,ORD00467,PRD010,9,2.79,25.11
DTL01384,ORD00467,PRD001,3,2.99,8.97
DTL01385,ORD00468,PRD025,7,5.49,38.43
DTL01386,ORD00468,PRD016,5,4.49,22.45
DTL01387,ORD00468,PRD010,10,2.79,27.9
DTL01388,ORD00468,PRD001,4,2.99,11.96
DTL01389,ORD00469,PRD014,7,2.68,18.76
DTL01390,ORD00469,PRD013,7,6.98,48.86
DTL01391,ORD00469,PRD008,4,10.99,43.96
DTL01392,ORD00469,PRD006,5,7.49,37.45
DTL01393,ORD00469,PRD023,2,8.49,16.98
DTL01394,ORD00470,PRD010,9,2.79,25.11
DTL01395,ORD00470,PRD021,5,4.29,21.45
DTL01396,ORD00470,PRD024,7,3.29,23.03
DTL01397,ORD00471,PRD021,8,4.29,34.32
DTL01398,ORD00472,PRD007,1,8.99,8.99
DTL01399,ORD00472,PRD011,9,3.99,35.91
DTL01400,ORD00472,PRD001,1,2.99,2.99
DTL01401,ORD00472,PRD005,3,4.99,14.97
DTL01402,ORD00473,PRD008,2,10.99,21.98
DTL01403,ORD00474,PRD010,8,2.79,22.32
DTL01404,ORD00474,PRD026,1,5.99,5.99
DTL01405,ORD00474,PRD016,6,4.49,26.94
DTL01406,ORD00474,PRD012,2,3.49,6.98
DTL01407,ORD00475,PRD018,8,4.19,33.52
DTL01408,ORD00476,PRD027,4,3.49,13.96
DTL01409,ORD00476,PRD001,7,2.99,20.93
DTL01410,ORD00476,PRD004,8,4.29,34.32
DTL01411,ORD00476,PRD025,4,5.49,21.96
DTL01412,ORD00477,PRD022,6,10.99,65.94
DTL01413,ORD00477,PRD007,3,8.99,26.97
DTL01414,ORD00477,PRD016,1,4.49,4.49
DTL01415,ORD00477,PRD013,9,6.98,62.82
DTL01416,ORD00477,PRD010,9,2.79,25.11
DTL01417,ORD00478,PRD012,1,3.49,3.49
DTL01418,ORD00478,PRD029,4,16.99,67.96
DTL01419,ORD00479,PRD006,5,7.49,37.45
DTL01420,ORD00480,PRD002,10,3.49,34.9
DTL01421,ORD00481,PRD008,3,10.99,32.97
DTL01422,ORD00482,PRD030,1,22.99,22.99
DTL01423,ORD00482,PRD025,1,5.49,5.49
DTL01424,ORD00482,PRD021,6,4.29,25.74
DTL01425,ORD00483,PRD016,6,4.49,26.94
DTL01426,ORD00483,PRD008,9,10.99,98.91
DTL01427,ORD00484,PRD023,7,8.49,59.43
DTL01428,ORD00485,PRD023,9,8.49,76.41
DTL01429,ORD00485,PRD015,8,5.98,47.84
DTL01430,ORD00485,PRD018,4,4.19,16.76
DTL01431,ORD00485,PRD010,10,2.79,27.9
DTL01432,ORD00486,PRD028,9,5.99,53.91
DTL01433,ORD00486,PRD027,3,3.49,10.47
DTL01434,ORD00486,PRD020,2,8.99,17.98
DTL01435,ORD00487,PRD012,9,3.49,31.41
DTL01436,ORD00487,PRD015,7,5.98,41.86
DTL01437,ORD00487,PRD001,3,2.99,8.97
DTL01438,ORD00487,PRD025,1,5.49,5.49
DTL01439,ORD00487,PRD021,10,4.29,42.9
DTL01440,ORD00488,PRD027,8,3.49,27.92
DTL01441,ORD00488,PRD013,9,6.98,62.82
DTL01442,ORD00488,PRD007,3,8.99,26.97
DTL01443,ORD00488,PRD017,10,5.99,59.9
DTL01444,ORD00488,PRD022,5,10.99,54.95
DTL01445,ORD00489,PRD017,2,5.99,11.98
DTL01446,ORD00490,PRD004,4,4.29,17.16
DTL01447,ORD00490,PRD016,2,4.49,8.98
DTL01448,ORD00491,PRD017,5,5.99,29.95
DTL01449,ORD00491,PRD020,1,8.99,8.99
DTL01450,ORD00491,PRD023,6,8.49,50.94
DTL01451,ORD00491,PRD019,4,3.49,13.96
DTL01452,ORD00492,PRD021,2,4.29,8.58
DTL01453,ORD00492,PRD016,8,4.49,35.92
DTL01454,ORD00493,PRD026,10,5.99,59.9
DTL01455,ORD00493,PRD023,5,8.49,42.45
DTL01456,ORD00493,PRD002,9,3.49,31.41
DTL01457,ORD00494,PRD017,2,5.99,11.98
DTL01458,ORD00494,PRD004,4,4.29,17.16
DTL01459,ORD00495,PRD021,2,4.29,8.58
DTL01460,ORD00495,PRD006,10,7.49,74.9
DTL01461,ORD00495,PRD018,6,4.19,25.14
DTL01462,ORD00495,PRD024,8,3.29,26.32
DTL01463,ORD00495,PRD014,7,2.68,18.76
DTL01464,ORD00496,PRD013,9,6.98,62.82
DTL01465,ORD00496,PRD017,10,5.99,59.9
DTL01466,ORD00496,PRD011,8,3.99,31.92
DTL01467,ORD00496,PRD022,6,10.99,65.94
DTL01468,ORD00496,PRD006,6,7.49,44.94
DTL01469,ORD00497,PRD020,9,8.99,80.91
DTL01470,ORD00497,PRD008,4,10.99,43.96
DTL01471,ORD00497,PRD019,7,3.49,24.43
DTL01472,ORD00498,PRD013,5,6.98,34.9
DTL01473,ORD00498,PRD001,10,2.99,29.9
DTL01474,ORD00498,PRD024,1,3.29,3.29
DTL01475,ORD00498,PRD002,9,3.49,31.41
DTL01476,ORD00499,PRD028,1,5.99,5.99
DTL01477,ORD00499,PRD011,5,3.99,19.95
DTL01478,ORD00500,PRD005,6,4.99,29.94
DTL01479,ORD00500,PRD009,10,7.49,74.9
DTL01480,ORD00501,PRD019,7,3.49,24.43
DTL01481,ORD00502,PRD006,10,7.49,74.9
DTL01482,ORD00502,PRD016,2,4.49,8.98
DTL01483,ORD00502,PRD027,10,3.49,34.9
DTL01484,ORD00502,PRD029,5,16.99,84.95
DTL01485,ORD00503,PRD012,7,3.49,24.43
DTL01486,ORD00503,PRD029,7,16.99,118.93
DTL01487,ORD00503,PRD027,2,3.49,6.98
DTL01488,ORD00504,PRD002,9,3.49,31.41
DTL01489,ORD00504,PRD010,10,2.79,27.9
DTL01490,ORD00504,PRD017,3,5.99,17.97
DTL01491,ORD00504,PRD011,6,3.99,23.94
DTL01492,ORD00505,PRD025,2,5.49,10.98
DTL01493,ORD00505,PRD020,4,8.99,35.96
DTL01494,ORD00505,PRD019,7,3.49,24.43
DTL01495,ORD00505,PRD017,5,5.99,29.95
DTL01496,ORD00506,PRD019,7,3.49,24.43
DTL01497,ORD00506,PRD024,5,3.29,16.45
DTL01498,ORD00506,PRD002,2,3.49,6.98
DTL01499,ORD00506,PRD018,7,4.19,29.33
DTL01500,ORD00507,PRD018,10,4.19,41.9
DTL01501,ORD00507,PRD007,4,8.99,35.96
DTL01502,ORD00507,PRD016,9,4.49,40.41
DTL01503,ORD00507,PRD013,10,6.98,69.8
DTL01504,ORD00508,PRD022,2,10.99,21.98
DTL01505,ORD00508,PRD030,2,22.99,45.98
DTL01506,ORD00508,PRD019,7,3.49,24.43
DTL01507,ORD00509,PRD020,5,8.99,44.95
DTL01508,ORD00509,PRD021,3,4.29,12.87
DTL01509,ORD00509,PRD001,6,2.99,17.94
DTL01510,ORD00510,PRD007,6,8.99,53.94
DTL01511,ORD00510,PRD022,3,10.99,32.97
DTL01512,ORD00511,PRD020,3,8.99,26.97
DTL01513,ORD00511,PRD030,5,22.99,114.95
DTL01514,ORD00512,PRD010,8,2.79,22.32
DTL01515,ORD00513,PRD007,9,8.99,80.91
DTL01516,ORD00513,PRD018,5,4.19,20.95
DTL01517,ORD00514,PRD023,1,8.49,8.49
DTL01518,ORD00514,PRD022,7,10.99,76.93
DTL01519,ORD00515,PRD026,10,5.99,59.9
DTL01520,ORD00515,PRD023,5,8.49,42.45
DTL01521,ORD00516,PRD003,7,2.49,17.43
DTL01522,ORD00517,PRD001,5,2.99,14.95
DTL01523,ORD00518,PRD023,10,8.49,84.9
DTL01524,ORD00518,PRD004,9,4.29,38.61
DTL01525,ORD00518,PRD029,2,16.99,33.98
DTL01526,ORD00518,PRD011,3,3.99,11.97
DTL01527,ORD00518,PRD016,4,4.49,17.96
DTL01528,ORD00519,PRD002,4,3.49,13.96
DTL01529,ORD00520,PRD012,6,3.49,20.94
DTL01530,ORD00521,PRD026,5,5.99,29.95
DTL01531,ORD00521,PRD002,7,3.49,24.43
DTL01532,ORD00521,PRD021,1,4.29,4.29
DTL01533,ORD00522,PRD003,7,2.49,17.43
DTL01534,ORD00522,PRD024,9,3.29,29.61
DTL01535,ORD00523,PRD010,8,2.79,22.32
DTL01536,ORD00523,PRD030,9,22.99,206.91
DTL01537,ORD00523,PRD020,3,8.99,26.97
DTL01538,ORD00523,PRD011,4,3.99,15.96
DTL01539,ORD00524,PRD010,9,2.79,25.11
DTL01540,ORD00524,PRD023,3,8.49,25.47
DTL01541,ORD00525,PRD030,9,22.99,206.91
DTL01542,ORD00525,PRD006,2,7.49,14.98
DTL01543,ORD00525,PRD011,3,3.99,11.97
DTL01544,ORD00525,PRD003,6,2.49,14.94
DTL01545,ORD00525,PRD018,3,4.19,12.57
DTL01546,ORD00526,PRD010,5,2.79,13.95
DTL01547,ORD00526,PRD015,3,5.98,17.94
DTL01548,ORD00526,PRD024,4,3.29,13.16
DTL01549,ORD00526,PRD030,2,22.99,45.98
DTL01550,ORD00527,PRD009,1,7.49,7.49
DTL01551,ORD00527,PRD020,6,8.99,53.94
DTL01552,ORD00527,PRD019,2,3.49,6.98
DTL01553,ORD00527,PRD008,8,10.99,87.92
DTL01554,ORD00527,PRD022,3,10.99,32.97
DTL01555,ORD00528,PRD016,4,4.49,17.96
DTL01556,ORD00528,PRD005,1,4.99,4.99
DTL01557,ORD00528,PRD006,7,7.49,52.43
DTL01558,ORD00528,PRD007,1,8.99,8.99
DTL01559,ORD00529,PRD003,8,2.49,19.92
DTL01560,ORD00529,PRD006,10,7.49,74.9
DTL01561,ORD00530,PRD014,1,2.68,2.68
DTL01562,ORD00530,PRD013,10,6.98,69.8
DTL01563,ORD00531,PRD018,1,4.19,4.19
DTL01564,ORD00531,PRD017,9,5.99,53.91
DTL01565,ORD00531,PRD021,2,4.29,8.58
DTL01566,ORD00531,PRD029,8,16.99,135.92
DTL01567,ORD00531,PRD023,8,8.49,67.92
DTL01568,ORD00532,PRD018,7,4.19,29.33
DTL01569,ORD00533,PRD025,8,5.49,43.92
DTL01570,ORD00533,PRD027,3,3.49,10.47
DTL01571,ORD00533,PRD010,7,2.79,19.53
DTL01572,ORD00534,PRD015,8,5.98,47.84
DTL01573,ORD00534,PRD027,2,3.49,6.98
DTL01574,ORD00535,PRD005,1,4.99,4.99
DTL01575,ORD00535,PRD013,3,6.98,20.94
DTL01576,ORD00535,PRD014,8,2.68,21.44
DTL01577,ORD00535,PRD011,10,3.99,39.9
DTL01578,ORD00535,PRD015,4,5.98,23.92
DTL01579,ORD00536,PRD003,2,2.49,4.98
DTL01580,ORD00537,PRD024,3,3.29,9.87
DTL01581,ORD00537,PRD026,7,5.99,41.93
DTL01582,ORD00537,PRD017,9,5.99,53.91
DTL01583,ORD00537,PRD020,7,8.99,62.93
DTL01584,ORD00538,PRD028,3,5.99,17.97
DTL01585,ORD00538,PRD005,1,4.99,4.99
DTL01586,ORD00539,PRD021,3,4.29,12.87
DTL01587,ORD00539,PRD006,4,7.49,29.96
DTL01588,ORD00539,PRD004,1,4.29,4.29
DTL01589,ORD00540,PRD026,4,5.99,23.96
DTL01590,ORD00540,PRD001,4,2.99,11.96
DTL01591,ORD00540,PRD020,10,8.99,89.9
DTL01592,ORD00540,PRD029,8,16.99,135.92
DTL01593,ORD00540,PRD016,8,4.49,35.92
DTL01594,ORD00541,PRD008,9,10.99,98.91
DTL01595,ORD00542,PRD006,3,7.49,22.47
DTL01596,ORD00543,PRD022,10,10.99,109.9
DTL01597,ORD00544,PRD004,7,4.29,30.03
DTL01598,ORD00545,PRD022,9,10.99,98.91
DTL01599,ORD00545,PRD023,3,8.49,25.47
DTL01600,ORD00545,PRD020,8,8.99,71.92
DTL01601,ORD00545,PRD019,10,3.49,34.9
DTL01602,ORD00545,PRD026,6,5.99,35.94
DTL01603,ORD00546,PRD012,2,3.49,6.98
DTL01604,ORD00546,PRD029,7,16.99,118.93
DTL01605,ORD00546,PRD013,9,6.98,62.82
DTL01606,ORD00547,PRD011,9,3.99,35.91
DTL01607,ORD00547,PRD017,4,5.99,23.96
DTL01608,ORD00547,PRD014,4,2.68,10.72
DTL01609,ORD00548,PRD016,10,4.49,44.9
DTL01610,ORD00549,PRD017,6,5.99,35.94
DTL01611,ORD00549,PRD019,3,3.49,10.47
DTL01612,ORD00549,PRD020,10,8.99,89.9
DTL01613,ORD00550,PRD016,10,4.49,44.9
DTL01614,ORD00550,PRD026,4,5.99,23.96
DTL01615,ORD00550,PRD006,5,7.49,37.45
DTL01616,ORD00550,PRD029,4,16.99,67.96
DTL01617,ORD00551,PRD026,7,5.99,41.93
DTL01618,ORD00551,PRD020,7,8.99,62.93
DTL01619,ORD00552,PRD021,4,4.29,17.16
DTL01620,ORD00553,PRD010,6,2.79,16.74
DTL01621,ORD00553,PRD017,1,5.99,5.99
DTL01622,ORD00553,PRD018,2,4.19,8.38
DTL01623,ORD00554,PRD001,6,2.99,17.94
DTL01624,ORD00554,PRD027,8,3.49,27.92
DTL01625,ORD00554,PRD006,8,7.49,59.92
DTL01626,ORD00554,PRD007,1,8.99,8.99
DTL01627,ORD00554,PRD011,3,3.99,11.97
DTL01628,ORD00555,PRD015,7,5.98,41.86
DTL01629,ORD00555,PRD026,1,5.99,5.99
DTL01630,ORD00555,PRD027,9,3.49,31.41
DTL01631,ORD00556,PRD018,10,4.19,41.9
DTL01632,ORD00556,PRD001,6,2.99,17.94
DTL01633,ORD00556,PRD007,6,8.99,53.94
DTL01634,ORD00557,PRD013,3,6.98,20.94
DTL01635,ORD00557,PRD021,10,4.29,42.9
DTL01636,ORD00557,PRD018,10,4.19,41.9
DTL01637,ORD00558,PRD023,7,8.49,59.43
DTL01638,ORD00558,PRD002,2,3.49,6.98
DTL01639,ORD00558,PRD009,8,7.49,59.92
DTL01640,ORD00559,PRD017,3,5.99,17.97
DTL01641,ORD00559,PRD010,2,2.79,5.58
DTL01642,ORD00560,PRD015,9,5.98,53.82
DTL01643,ORD00561,PRD011,8,3.99,31.92
DTL01644,ORD00561,PRD030,9,22.99,206.91
DTL01645,ORD00562,PRD022,8,10.99,87.92
DTL01646,ORD00562,PRD005,7,4.99,34.93
DTL01647,ORD00562,PRD007,9,8.99,80.91
DTL01648,ORD00562,PRD024,2,3.29,6.58
DTL01649,ORD00562,PRD002,1,3.49,3.49
DTL01650,ORD00563,PRD028,1,5.99,5.99
DTL01651,ORD00563,PRD003,2,2.49,4.98
DTL01652,ORD00563,PRD011,9,3.99,35.91
DTL01653,ORD00563,PRD015,5,5.98,29.9
DTL01654,ORD00563,PRD029,1,16.99,16.99
DTL01655,ORD00564,PRD007,5,8.99,44.95
DTL01656,ORD00564,PRD010,9,2.79,25.11
DTL01657,ORD00565,PRD005,2,4.99,9.98
DTL01658,ORD00565,PRD006,1,7.49,7.49
DTL01659,ORD00565,PRD009,10,7.49,74.9
DTL01660,ORD00566,PRD009,5,7.49,37.45
DTL01661,ORD00566,PRD005,10,4.99,49.9
DTL01662,ORD00566,PRD023,4,8.49,33.96
DTL01663,ORD00567,PRD015,1,5.98,5.98
DTL01664,ORD00567,PRD002,2,3.49,6.98
DTL01665,ORD00567,PRD005,7,4.99,34.93
DTL01666,ORD00567,PRD001,1,2.99,2.99
DTL01667,ORD00567,PRD016,2,4.49,8.98
DTL01668,ORD00568,PRD021,6,4.29,25.74
DTL01669,ORD00568,PRD027,5,3.49,17.45
DTL01670,ORD00568,PRD023,6,8.49,50.94
DTL01671,ORD00568,PRD015,4,5.98,23.92
DTL01672,ORD00568,PRD020,9,8.99,80.91
DTL01673,ORD00569,PRD004,8,4.29,34.32
DTL01674,ORD00569,PRD015,8,5.98,47.84
DTL01675,ORD00569,PRD010,4,2.79,11.16
DTL01676,ORD00569,PRD022,4,10.99,43.96
DTL01677,ORD00570,PRD006,6,7.49,44.94
DTL01678,ORD00570,PRD023,6,8.49,50.94
DTL01679,ORD00570,PRD030,8,22.99,183.92
DTL01680,ORD00570,PRD022,8,10.99,87.92
DTL01681,ORD00571,PRD015,6,5.98,35.88
DTL01682,ORD00571,PRD028,10,5.99,59.9
DTL01683,ORD00571,PRD006,10,7.49,74.9
DTL01684,ORD00571,PRD010,3,2.79,8.37
DTL01685,ORD00572,PRD018,5,4.19,20.95
DTL01686,ORD00572,PRD021,9,4.29,38.61
DTL01687,ORD00572,PRD003,8,2.49,19.92
DTL01688,ORD00573,PRD018,8,4.19,33.52
DTL01689,ORD00573,PRD006,7,7.49,52.43
DTL01690,ORD00574,PRD026,9,5.99,53.91
DTL01691,ORD00574,PRD014,4,2.68,10.72
DTL01692,ORD00574,PRD019,3,3.49,10.47
DTL01693,ORD00574,PRD011,2,3.99,7.98
DTL01694,ORD00575,PRD018,8,4.19,33.52
DTL01695,ORD00575,PRD004,3,4.29,12.87
DTL01696,ORD00575,PRD027,5,3.49,17.45
DTL01697,ORD00576,PRD011,1,3.99,3.99
DTL01698,ORD00576,PRD016,2,4.49,8.98
DTL01699,ORD00576,PRD021,4,4.29,17.16
DTL01700,ORD00576,PRD022,3,10.99,32.97
DTL01701,ORD00577,PRD018,10,4.19,41.9
DTL01702,ORD00577,PRD010,8,2.79,22.32
DTL01703,ORD00577,PRD013,4,6.98,27.92
DTL01704,ORD00577,PRD020,4,8.99,35.96
DTL01705,ORD00578,PRD023,10,8.49,84.9
DTL01706,ORD00578,PRD030,1,22.99,22.99
DTL01707,ORD00578,PRD012,10,3.49,34.9
DTL01708,ORD00578,PRD003,9,2.49,22.41
DTL01709,ORD00579,PRD029,1,16.99,16.99
DTL01710,ORD00579,PRD018,9,4.19,37.71
DTL01711,ORD00579,PRD002,6,3.49,20.94
DTL01712,ORD00580,PRD023,6,8.49,50.94
DTL01713,ORD00580,PRD019,7,3.49,24.43
DTL01714,ORD00580,PRD013,7,6.98,48.86
DTL01715,ORD00580,PRD021,7,4.29,30.03
DTL01716,ORD00581,PRD005,6,4.99,29.94
DTL01717,ORD00581,PRD007,7,8.99,62.93
DTL01718,ORD00581,PRD018,3,4.19,12.57
DTL01719,ORD00581,PRD013,5,6.98,34.9
DTL01720,ORD00582,PRD024,8,3.29,26.32
DTL01721,ORD00582,PRD029,7,16.99,118.93
DTL01722,ORD00583,PRD029,7,16.99,118.93
DTL01723,ORD00583,PRD026,10,5.99,59.9
DTL01724,ORD00583,PRD023,3,8.49,25.47
DTL01725,ORD00583,PRD020,8,8.99,71.92
DTL01726,ORD00584,PRD008,10,10.99,109.9
DTL01727,ORD00584,PRD006,1,7.49,7.49
DTL01728,ORD00584,PRD014,10,2.68,26.8
DTL01729,ORD00585,PRD014,10,2.68,26.8
DTL01730,ORD00585,PRD030,6,22.99,137.94
DTL01731,ORD00585,PRD018,1,4.19,4.19
DTL01732,ORD00586,PRD019,8,3.49,27.92
DTL01733,ORD00587,PRD028,2,5.99,11.98
DTL01734,ORD00587,PRD025,9,5.49,49.41
DTL01735,ORD00587,PRD009,10,7.49,74.9
DTL01736,ORD00587,PRD015,2,5.98,11.96
DTL01737,ORD00587,PRD017,4,5.99,23.96
DTL01738,ORD00588,PRD022,9,10.99,98.91
DTL01739,ORD00589,PRD025,8,5.49,43.92
DTL01740,ORD00589,PRD001,10,2.99,29.9
DTL01741,ORD00589,PRD016,6,4.49,26.94
DTL01742,ORD00589,PRD015,7,5.98,41.86
DTL01743,ORD00589,PRD017,6,5.99,35.94
DTL01744,ORD00590,PRD024,5,3.29,16.45
DTL01745,ORD00590,PRD026,1,5.99,5.99
DTL01746,ORD00590,PRD019,8,3.49,27.92
DTL01747,ORD00591,PRD001,9,2.99,26.91
DTL01748,ORD00591,PRD010,2,2.79,5.58
DTL01749,ORD00591,PRD016,5,4.49,22.45
DTL01750,ORD00591,PRD003,5,2.49,12.45
DTL01751,ORD00591,PRD005,3,4.99,14.97
DTL01752,ORD00592,PRD020,3,8.99,26.97
DTL01753,ORD00593,PRD026,8,5.99,47.92
DTL01754,ORD00593,PRD023,3,8.49,25.47
DTL01755,ORD00593,PRD008,9,10.99,98.91
DTL01756,ORD00594,PRD020,3,8.99,26.97
DTL01757,ORD00594,PRD030,8,22.99,183.92
DTL01758,ORD00595,PRD007,6,8.99,53.94
DTL01759,ORD00595,PRD019,1,3.49,3.49
DTL01760,ORD00596,PRD016,9,4.49,40.41
DTL01761,ORD00596,PRD010,4,2.79,11.16
DTL01762,ORD00596,PRD024,7,3.29,23.03
DTL01763,ORD00596,PRD025,7,5.49,38.43
DTL01764,ORD00597,PRD010,8,2.79,22.32
DTL01765,ORD00598,PRD004,9,4.29,38.61
DTL01766,ORD00599,PRD009,5,7.49,37.45
DTL01767,ORD00599,PRD026,10,5.99,59.9
DTL01768,ORD00599,PRD004,7,4.29,30.03
DTL01769,ORD00600,PRD025,3,5.49,16.47
DTL01770,ORD00600,PRD007,6,8.99,53.94
DTL01771,ORD00600,PRD017,9,5.99,53.91
DTL01772,ORD00600,PRD011,1,3.99,3.99
DTL01773,ORD00600,PRD022,1,10.99,10.99
DTL01774,ORD00601,PRD022,8,10.99,87.92
DTL01775,ORD00602,PRD007,10,8.99,89.9
DTL01776,ORD00602,PRD002,2,3.49,6.98
DTL01777,ORD00602,PRD001,1,2.99,2.99
DTL01778,ORD00603,PRD028,10,5.99,59.9
DTL01779,ORD00604,PRD026,3,5.99,17.97
DTL01780,ORD00604,PRD006,5,7.49,37.45
DTL01781,ORD00604,PRD029,5,16.99,84.95
DTL01782,ORD00604,PRD004,8,4.29,34.32
DTL01783,ORD00604,PRD023,2,8.49,16.98
DTL01784,ORD00605,PRD009,2,7.49,14.98
DTL01785,ORD00605,PRD006,5,7.49,37.45
DTL01786,ORD00605,PRD025,1,5.49,5.49
DTL01787,ORD00606,PRD027,8,3.49,27.92
DTL01788,ORD00606,PRD009,2,7.49,14.98
DTL01789,ORD00606,PRD006,8,7.49,59.92
DTL01790,ORD00607,PRD005,9,4.99,44.91
DTL01791,ORD00608,PRD023,2,8.49,16.98
DTL01792,ORD00608,PRD009,2,7.49,14.98
DTL01793,ORD00608,PRD004,10,4.29,42.9
DTL01794,ORD00608,PRD002,5,3.49,17.45
DTL01795,ORD00609,PRD030,1,22.99,22.99
DTL01796,ORD00610,PRD019,8,3.49,27.92
DTL01797,ORD00610,PRD001,8,2.99,23.92
DTL01798,ORD00610,PRD017,7,5.99,41.93
DTL01799,ORD00610,PRD023,7,8.49,59.43
DTL01800,ORD00611,PRD004,6,4.29,25.74
DTL01801,ORD00611,PRD019,6,3.49,20.94
DTL01802,ORD00611,PRD018,5,4.19,20.95
DTL01803,ORD00611,PRD030,7,22.99,160.93
DTL01804,ORD00612,PRD012,9,3.49,31.41
DTL01805,ORD00613,PRD006,1,7.49,7.49
DTL01806,ORD00613,PRD018,7,4.19,29.33
DTL01807,ORD00614,PRD021,6,4.29,25.74
DTL01808,ORD00615,PRD005,4,4.99,19.96
DTL01809,ORD00615,PRD002,1,3.49,3.49
DTL01810,ORD00616,PRD016,8,4.49,35.92
DTL01811,ORD00616,PRD018,1,4.19,4.19
DTL01812,ORD00616,PRD027,1,3.49,3.49
DTL01813,ORD00617,PRD004,9,4.29,38.61
DTL01814,ORD00617,PRD007,8,8.99,71.92
DTL01815,ORD00617,PRD026,9,5.99,53.91
DTL01816,ORD00617,PRD021,3,4.29,12.87
DTL01817,ORD00618,PRD021,10,4.29,42.9
DTL01818,ORD00618,PRD001,1,2.99,2.99
DTL01819,ORD00618,PRD016,4,4.49,17.96
DTL01820,ORD00618,PRD030,3,22.99,68.97
DTL01821,ORD00619,PRD015,10,5.98,59.8
DTL01822,ORD00620,PRD016,10,4.49,44.9
DTL01823,ORD00621,PRD026,7,5.99,41.93
DTL01824,ORD00621,PRD027,6,3.49,20.94
DTL01825,ORD00621,PRD024,2,3.29,6.58
DTL01826,ORD00622,PRD019,3,3.49,10.47
DTL01827,ORD00623,PRD006,3,7.49,22.47
DTL01828,ORD00623,PRD023,8,8.49,67.92
DTL01829,ORD00623,PRD012,4,3.49,13.96
DTL01830,ORD00623,PRD018,10,4.19,41.9
DTL01831,ORD00624,PRD025,8,5.49,43.92
DTL01832,ORD00624,PRD006,2,7.49,14.98
DTL01833,ORD00624,PRD001,1,2.99,2.99
DTL01834,ORD00624,PRD029,1,16.99,16.99
DTL01835,ORD00625,PRD029,8,16.99,135.92
DTL01836,ORD00625,PRD010,3,2.79,8.37
DTL01837,ORD00625,PRD014,4,2.68,10.72
DTL01838,ORD00625,PRD023,3,8.49,25.47
DTL01839,ORD00625,PRD026,5,5.99,29.95
DTL01840,ORD00626,PRD023,10,8.49,84.9
DTL01841,ORD00626,PRD002,2,3.49,6.98
DTL01842,ORD00626,PRD020,5,8.99,44.95
DTL01843,ORD00626,PRD006,6,7.49,44.94
DTL01844,ORD00626,PRD016,7,4.49,31.43
DTL01845,ORD00627,PRD004,9,4.29,38.61
DTL01846,ORD00627,PRD020,9,8.99,80.91
DTL01847,ORD00627,PRD012,4,3.49,13.96
DTL01848,ORD00627,PRD028,8,5.99,47.92
DTL01849,ORD00627,PRD025,4,5.49,21.96
DTL01850,ORD00628,PRD016,1,4.49,4.49
DTL01851,ORD00628,PRD006,1,7.49,7.49
DTL01852,ORD00628,PRD022,6,10.99,65.94
DTL01853,ORD00628,PRD030,5,22.99,114.95
DTL01854,ORD00629,PRD002,9,3.49,31.41
DTL01855,ORD00629,PRD004,3,4.29,12.87
DTL01856,ORD00629,PRD024,3,3.29,9.87
DTL01857,ORD00629,PRD030,1,22.99,22.99
DTL01858,ORD00630,PRD019,6,3.49,20.94
DTL01859,ORD00630,PRD011,4,3.99,15.96
DTL01860,ORD00630,PRD014,2,2.68,5.36
DTL01861,ORD00630,PRD007,6,8.99,53.94
DTL01862,ORD00631,PRD013,4,6.98,27.92
DTL01863,ORD00631,PRD029,2,16.99,33.98
DTL01864,ORD00632,PRD007,10,8.99,89.9
DTL01865,ORD00632,PRD030,8,22.99,183.92
DTL01866,ORD00633,PRD021,5,4.29,21.45
DTL01867,ORD00633,PRD012,4,3.49,13.96
DTL01868,ORD00634,PRD009,3,7.49,22.47
DTL01869,ORD00635,PRD008,10,10.99,109.9
DTL01870,ORD00635,PRD029,3,16.99,50.97
DTL01871,ORD00635,PRD010,10,2.79,27.9
DTL01872,ORD00636,PRD003,9,2.49,22.41
DTL01873,ORD00636,PRD014,8,2.68,21.44
DTL01874,ORD00637,PRD001,4,2.99,11.96
DTL01875,ORD00637,PRD024,4,3.29,13.16
DTL01876,ORD00637,PRD014,6,2.68,16.08
DTL01877,ORD00638,PRD030,1,22.99,22.99
DTL01878,ORD00638,PRD019,7,3.49,24.43
DTL01879,ORD00639,PRD002,2,3.49,6.98
DTL01880,ORD00639,PRD014,8,2.68,21.44
DTL01881,ORD00639,PRD017,8,5.99,47.92
DTL01882,ORD00639,PRD013,4,6.98,27.92
DTL01883,ORD00639,PRD016,2,4.49,8.98
DTL01884,ORD00640,PRD005,5,4.99,24.95
DTL01885,ORD00640,PRD012,4,3.49,13.96
DTL01886,ORD00641,PRD023,10,8.49,84.9
DTL01887,ORD00641,PRD015,10,5.98,59.8
DTL01888,ORD00642,PRD006,8,7.49,59.92
DTL01889,ORD00642,PRD026,1,5.99,5.99
DTL01890,ORD00642,PRD028,2,5.99,11.98
DTL01891,ORD00642,PRD012,7,3.49,24.43
DTL01892,ORD00643,PRD023,10,8.49,84.9
DTL01893,ORD00643,PRD020,4,8.99,35.96
DTL01894,ORD00643,PRD018,2,4.19,8.38
DTL01895,ORD00644,PRD004,7,4.29,30.03
DTL01896,ORD00645,PRD006,2,7.49,14.98
DTL01897,ORD00645,PRD021,9,4.29,38.61
DTL01898,ORD00645,PRD018,4,4.19,16.76
DTL01899,ORD00646,PRD024,4,3.29,13.16
DTL01900,ORD00646,PRD025,4,5.49,21.96
DTL01901,ORD00646,PRD019,6,3.49,20.94
DTL01902,ORD00646,PRD028,6,5.99,35.94
DTL01903,ORD00647,PRD002,6,3.49,20.94
DTL01904,ORD00647,PRD003,8,2.49,19.92
DTL01905,ORD00647,PRD012,8,3.49,27.92
DTL01906,ORD00648,PRD029,2,16.99,33.98
DTL01907,ORD00648,PRD010,4,2.79,11.16
DTL01908,ORD00648,PRD015,8,5.98,47.84
DTL01909,ORD00648,PRD020,2,8.99,17.98
DTL01910,ORD00648,PRD012,2,3.49,6.98
DTL01911,ORD00649,PRD006,5,7.49,37.45
DTL01912,ORD00650,PRD017,1,5.99,5.99
DTL01913,ORD00650,PRD021,5,4.29,21.45
DTL01914,ORD00651,PRD012,1,3.49,3.49
DTL01915,ORD00651,PRD014,5,2.68,13.4
DTL01916,ORD00651,PRD015,4,5.98,23.92
DTL01917,ORD00651,PRD024,2,3.29,6.58
DTL01918,ORD00652,PRD014,6,2.68,16.08
DTL01919,ORD00652,PRD019,8,3.49,27.92
DTL01920,ORD00652,PRD011,10,3.99,39.9
DTL01921,ORD00653,PRD006,4,7.49,29.96
DTL01922,ORD00653,PRD026,8,5.99,47.92
DTL01923,ORD00653,PRD009,6,7.49,44.94
DTL01924,ORD00654,PRD006,9,7.49,67.41
DTL01925,ORD00654,PRD020,5,8.99,44.95
DTL01926,ORD00654,PRD030,3,22.99,68.97
DTL01927,ORD00654,PRD023,3,8.49,25.47
DTL01928,ORD00655,PRD019,5,3.49,17.45
DTL01929,ORD00655,PRD005,6,4.99,29.94
DTL01930,ORD00655,PRD015,3,5.98,17.94
DTL01931,ORD00656,PRD012,9,3.49,31.41
DTL01932,ORD00656,PRD005,3,4.99,14.97
DTL01933,ORD00656,PRD015,9,5.98,53.82
DTL01934,ORD00657,PRD030,8,22.99,183.92
DTL01935,ORD00657,PRD016,6,4.49,26.94
DTL01936,ORD00657,PRD025,3,5.49,16.47
DTL01937,ORD00657,PRD005,1,4.99,4.99
DTL01938,ORD00658,PRD029,3,16.99,50.97
DTL01939,ORD00658,PRD010,10,2.79,27.9
DTL01940,ORD00658,PRD025,8,5.49,43.92
DTL01941,ORD00658,PRD019,6,3.49,20.94
DTL01942,ORD00659,PRD004,4,4.29,17.16
DTL01943,ORD00659,PRD010,8,2.79,22.32
DTL01944,ORD00659,PRD001,6,2.99,17.94
DTL01945,ORD00659,PRD013,2,6.98,13.96
DTL01946,ORD00659,PRD020,6,8.99,53.94
DTL01947,ORD00660,PRD008,4,10.99,43.96
DTL01948,ORD00660,PRD026,1,5.99,5.99
DTL01949,ORD00660,PRD030,2,22.99,45.98
DTL01950,ORD00660,PRD025,9,5.49,49.41
DTL01951,ORD00660,PRD009,8,7.49,59.92
DTL01952,ORD00661,PRD020,6,8.99,53.94
DTL01953,ORD00661,PRD017,7,5.99,41.93
DTL01954,ORD00661,PRD002,3,3.49,10.47
DTL01955,ORD00662,PRD012,9,3.49,31.41
DTL01956,ORD00662,PRD010,2,2.79,5.58
DTL01957,ORD00662,PRD015,4,5.98,23.92
DTL01958,ORD00663,PRD026,7,5.99,41.93
DTL01959,ORD00663,PRD024,7,3.29,23.03
DTL01960,ORD00664,PRD010,9,2.79,25.11
DTL01961,ORD00664,PRD016,6,4.49,26.94
DTL01962,ORD00665,PRD001,7,2.99,20.93
DTL01963,ORD00666,PRD025,7,5.49,38.43
DTL01964,ORD00666,PRD030,5,22.99,114.95
DTL01965,ORD00666,PRD005,9,4.99,44.91
DTL01966,ORD00666,PRD007,8,8.99,71.92
DTL01967,ORD00666,PRD006,1,7.49,7.49
DTL01968,ORD00667,PRD008,5,10.99,54.95
DTL01969,ORD00667,PRD001,5,2.99,14.95
DTL01970,ORD00667,PRD026,8,5.99,47.92
DTL01971,ORD00667,PRD005,2,4.99,9.98
DTL01972,ORD00668,PRD004,5,4.29,21.45
DTL01973,ORD00669,PRD016,8,4.49,35.92
DTL01974,ORD00669,PRD019,2,3.49,6.98
DTL01975,ORD00669,PRD014,6,2.68,16.08
DTL01976,ORD00669,PRD028,9,5.99,53.91
DTL01977,ORD00669,PRD009,10,7.49,74.9
DTL01978,ORD00670,PRD011,3,3.99,11.97
DTL01979,ORD00670,PRD015,6,5.98,35.88
DTL01980,ORD00671,PRD002,2,3.49,6.98
DTL01981,ORD00671,PRD010,9,2.79,25.11
DTL01982,ORD00671,PRD017,4,5.99,23.96
DTL01983,ORD00672,PRD011,5,3.99,19.95
DTL01984,ORD00672,PRD028,5,5.99,29.95
DTL01985,ORD00672,PRD027,6,3.49,20.94
DTL01986,ORD00672,PRD022,2,10.99,21.98
DTL01987,ORD00672,PRD026,9,5.99,53.91
DTL01988,ORD00673,PRD012,7,3.49,24.43
DTL01989,ORD00673,PRD025,6,5.49,32.94
DTL01990,ORD00673,PRD016,3,4.49,13.47
DTL01991,ORD00674,PRD026,9,5.99,53.91
DTL01992,ORD00674,PRD029,10,16.99,169.9
DTL01993,ORD00675,PRD027,3,3.49,10.47
DTL01994,ORD00676,PRD027,10,3.49,34.9
DTL01995,ORD00676,PRD015,9,5.98,53.82
DTL01996,ORD00677,PRD024,2,3.29,6.58
DTL01997,ORD00678,PRD010,4,2.79,11.16
DTL01998,ORD00678,PRD005,3,4.99,14.97
DTL01999,ORD00679,PRD003,1,2.49,2.49
DTL02000,ORD00680,PRD026,9,5.99,53.91
DTL02001,ORD00681,PRD003,5,2.49,12.45
DTL02002,ORD00682,PRD007,6,8.99,53.94
DTL02003,ORD00682,PRD019,1,3.49,3.49
DTL02004,ORD00682,PRD029,2,16.99,33.98
DTL02005,ORD00682,PRD006,3,7.49,22.47
DTL02006,ORD00682,PRD022,5,10.99,54.95
DTL02007,ORD00683,PRD008,10,10.99,109.9
DTL02008,ORD00683,PRD017,1,5.99,5.99
DTL02009,ORD00683,PRD019,9,3.49,31.41
DTL02010,ORD00683,PRD003,4,2.49,9.96
DTL02011,ORD00683,PRD004,4,4.29,17.16
DTL02012,ORD00684,PRD024,2,3.29,6.58
DTL02013,ORD00685,PRD023,8,8.49,67.92
DTL02014,ORD00685,PRD019,2,3.49,6.98
DTL02015,ORD00685,PRD006,3,7.49,22.47
DTL02016,ORD00686,PRD014,6,2.68,16.08
DTL02017,ORD00686,PRD004,2,4.29,8.58
DTL02018,ORD00687,PRD023,1,8.49,8.49
DTL02019,ORD00687,PRD010,2,2.79,5.58
DTL02020,ORD00687,PRD018,6,4.19,25.14
DTL02021,ORD00688,PRD024,4,3.29,13.16
DTL02022,ORD00688,PRD010,9,2.79,25.11
DTL02023,ORD00688,PRD022,7,10.99,76.93
DTL02024,ORD00688,PRD027,5,3.49,17.45
DTL02025,ORD00688,PRD015,7,5.98,41.86
DTL02026,ORD00689,PRD006,8,7.49,59.92
DTL02027,ORD00689,PRD001,2,2.99,5.98
DTL02028,ORD00689,PRD022,7,10.99,76.93
DTL02029,ORD00690,PRD004,3,4.29,12.87
DTL02030,ORD00691,PRD024,3,3.29,9.87
DTL02031,ORD00692,PRD007,7,8.99,62.93
DTL02032,ORD00692,PRD020,2,8.99,17.98
DTL02033,ORD00692,PRD028,4,5.99,23.96
DTL02034,ORD00693,PRD009,6,7.49,44.94
DTL02035,ORD00693,PRD025,8,5.49,43.92
DTL02036,ORD00693,PRD026,10,5.99,59.9
DTL02037,ORD00693,PRD021,7,4.29,30.03
DTL02038,ORD00693,PRD013,8,6.98,55.84
DTL02039,ORD00694,PRD004,5,4.29,21.45
DTL02040,ORD00695,PRD004,1,4.29,4.29
DTL02041,ORD00696,PRD013,6,6.98,41.88
DTL02042,ORD00696,PRD020,3,8.99,26.97
DTL02043,ORD00697,PRD025,5,5.49,27.45
DTL02044,ORD00697,PRD016,8,4.49,35.92
DTL02045,ORD00697,PRD026,8,5.99,47.92
DTL02046,ORD00697,PRD015,9,5.98,53.82
DTL02047,ORD00697,PRD007,5,8.99,44.95
DTL02048,ORD00698,PRD029,8,16.99,135.92
DTL02049,ORD00698,PRD030,6,22.99,137.94
DTL02050,ORD00698,PRD004,7,4.29,30.03
DTL02051,ORD00698,PRD013,8,6.98,55.84
DTL02052,ORD00699,PRD029,8,16.99,135.92
DTL02053,ORD00699,PRD023,7,8.49,59.43
DTL02054,ORD00699,PRD006,3,7.49,22.47
DTL02055,ORD00700,PRD022,3,10.99,32.97
DTL02056,ORD00700,PRD016,9,4.49,40.41
DTL02057,ORD00700,PRD018,1,4.19,4.19
DTL02058,ORD00700,PRD019,7,3.49,24.43
DTL02059,ORD00700,PRD028,5,5.99,29.95
